"fire2","salv.cat2","plant.timing2","site.prepped2","released2","replanted2","thinned2","nplots","mgmt.factorial","geom"
"1987LOST","salv: planted","plt: late","prp: no","rel: YES","replt: YES","thn: no",72,"1987LOST, salv: planted, plt: late, prp: no, rel: YES, replt: YES, thn: no",c(-118694.343622244, -118597.81414276, -118502.249999781, -118342.788408984, -118313.803286335, -118281.852181046, -118231.609294264, -118216.660736981, -118126.405410225, -118116.468258857, -118107.443765986, -118099.457064976, -118093.390696407, -118091.662206163, -118078.124052524, -118074.966964567, -118064.221322725, -118059.444751425, -118014.31246587, -118004.649890045, -117993.614872653, -117959.311624864, -117936.043114499, -117932.133561063, -117892.17187342, -117860.506925419, -117856.408209762, 
-117847.59434357, -117820.089037583, -117794.365449973, -117779.177085399, -117741.238568057, -117653.829678779, -117589.257149607, -117549.079683864, -117533.519894458, -117525.202253888, -117470.79565579, -117429.518734977, -117388.278441822, -117386.444253571, -117374.377416443, -117305.115596485, -117232.128636551, -117202.342701292, -117189.323927042, -117134.556094546, -117047.460466924, -117040.531115848, -117029.923313557, -117017.983579013, -116954.086667294, -116947.504085821, -116946.495446155, 
-116908.55518868, -116869.815193465, -116844.093431432, -116518.04126392, -115800.964719078, -115800.795207863, -115800.418011639, -115794.130073872, -115790.872775684, -115762.754106441, -115703.191824607, -115699.199438728, -115669.086477556, -115578.269324272, -115552.143341712, -115527.616353064, -115487.894300768, -115481.663164278, 302238.892805887, 302245.449459155, 302213.916512628, 302268.211120886, 301563.645108944, 302195.243975482, 301532.166150757, 302121.355709946, 302109.247025853, 
312176.12366229, 302557.378082624, 312269.424238712, 312444.885414966, 302018.098832408, 301919.66400556, 301820.03903677, 302393.7177759, 301721.385510184, 302311.496015543, 312474.912927591, 312077.586509039, 302232.971553626, 302593.537206563, 312431.967803736, 302508.072866911, 301965.702948125, 308463.502856851, 312056.839864264, 301877.97303087, 301786.277131862, 308823.717276959, 311673.026905401, 311653.77265461, 311861.373473143, 311051.205131078, 311484.12852639, 311702.667308592, 311555.839222897, 
310155.18748817, 307398.963685156, 311082.76727337, 307260.993279906, 306555.046363018, 306502.565596888, 307512.515733649, 307553.641421413, 307544.690392478, 308138.997566632, 308394.439356, 308230.828385428, 307623.152100781, 307518.84415889, 308430.256071439, 307638.423676142, 307831.822212103, 307702.227214087, 307766.428398749, 307728.587568588, 308731.96446148, 308831.113630885, 309194.92335802, 309095.12197329, 308995.966022654, 308641.468274708, 308379.871607287, 308564.458792964, 308473.142669138, 
309105.366394368, 308732.458279762, 308817.051404092, 308357.572817042, 308457.367832309)
"1987LOST","salv: planted","plt: late","prp: YES","rel: YES","replt: YES","thn: no",55,"1987LOST, salv: planted, plt: late, prp: YES, rel: YES, replt: YES, thn: no",c(-117903.230028449, -117893.97923263, -117875.112191249, -117869.697069174, -117866.625173365, -117854.168017559, -117853.502872016, -117846.123913133, -117833.171019996, -117825.587223932, -117803.640738915, -117788.944567123, -117786.254054834, -117732.481683835, -117724.877712351, -117697.328745559, -117677.947794647, -117659.204794043, -117626.924306769, -117577.766776713, -117549.463560668, -117543.37239424, -117541.666383549, -117535.610655772, -117516.515007214, -117482.236412667, -117372.224652838, 
-117349.453004283, -117327.705295885, -117296.424096222, -117205.755014592, -117200.468077447, -117192.238625927, -117172.474679847, -117162.980058586, -116764.473995956, -116744.418805962, -116740.614594865, -116737.751497867, -116721.725665344, -116708.739602728, -116702.178746417, -116638.756253832, -116633.370623003, -116567.695711248, -116476.471795271, -116381.560753002, -116345.265073933, -116257.604741301, -116159.224609991, -116065.689654204, -115910.210708969, -115764.336797402, -115624.57868407, 
-115618.752497888, 308204.843955626, 308371.113527297, 311351.816174836, 311177.593815658, 308279.880790638, 312415.942958222, 308638.179558013, 312322.408864587, 312226.331754685, 308558.997033681, 311816.779524518, 311311.966405762, 311135.261886185, 308911.366371187, 311362.634185277, 311162.216839335, 308993.897338972, 308260.497855406, 311374.187413468, 308998.864526336, 311388.284202204, 308904.55739103, 311210.985021906, 311350.29122295, 311141.991338955, 311322.95799934, 311551.503665423, 
311286.352469353, 311307.446156358, 311492.670444539, 311224.67629806, 306142.873270381, 306221.617316115, 311388.199379088, 311302.151622718, 308472.92219187, 308761.397058407, 308379.171365273, 308568.277406429, 308665.338829897, 308286.020439857, 308191.570422488, 308040.156421051, 308123.701434444, 307922.884112631, 307887.392501127, 309410.883098156, 307829.598557801, 307828.811218081, 307828.630574333, 307853.681379116, 309493.045314136, 309388.102594583, 309294.588113535, 309195.820815372)
"1987LOST","salv: planted","plt: early","prp: no","rel: no","replt: no","thn: no",29,"1987LOST, salv: planted, plt: early, prp: no, rel: no, replt: no, thn: no",c(-118892.972129429, -118892.099357939, -118865.69131882, -118857.128907944, -118854.946794924, -118854.589246303, -118850.236772156, -118839.383524129, -118839.333151851, -118807.332750015, -118806.504917393, -118744.908942791, -118741.712292874, -118732.667028036, -118724.564515207, -118704.579036037, -118701.609073967, -118696.410024465, -118639.603561153, -118639.442460591, -118632.89815427, -118594.195982158, -118577.891146976, -118552.167975253, -118546.071959729, -118518.64692015, -118485.617611641, 
-118435.59274405, -118367.440899493, 312523.545079656, 309661.857770309, 309837.820692658, 311227.942198089, 309750.758108183, 311419.504379608, 311518.651850921, 309493.013185066, 311322.222443145, 309400.2426153, 311581.9166018, 309328.040691769, 311975.749482923, 312072.668238217, 309231.642642579, 312164.917878653, 311899.355671152, 312254.817600569, 311824.329764337, 309068.207810375, 311584.329599793, 308979.103663161, 311667.494822373, 308889.728180884, 308790.940537642, 308695.62671741, 308604.74859826, 
308520.316790194, 308457.289651324)
"1987LOST","salv: planted","plt: late","prp: no","rel: YES","replt: no","thn: no",22,"1987LOST, salv: planted, plt: late, prp: no, rel: YES, replt: no, thn: no",c(-119077.999035081, -119059.783779829, -119045.967100545, -119032.861838658, -119017.557763167, -118997.111034654, -118970.830248417, -118746.63727184, -118730.670943484, -118652.606691212, -118651.685782085, -118390.469686579, -117745.287421471, -117658.156818821, -117576.938035148, -117561.437076269, -117525.913050437, -117471.663232416, -117464.063976404, -117354.520218083, -117291.832340136, -117237.755606203, 302443.450378526, 302378.368933092, 302280.706104968, 302530.370279885, 302464.925146832, 
302621.641422939, 302649.925913876, 305164.530634984, 305091.474429036, 305189.052726509, 305032.503970499, 308169.912369136, 305415.064416715, 305463.71523772, 312411.113489998, 305440.14464342, 312325.882884106, 305393.382398353, 312040.617255263, 311873.875601673, 312155.228431163, 312071.563991628)
"2001STAR","salv: planted","plt: early","prp: no","rel: no","replt: no","thn: no",44,"2001STAR, salv: planted, plt: early, prp: no, rel: no, replt: no, thn: no",c(-44404.2955956722, -44358.7307731361, -44305.7124369106, -44240.5094324133, -44178.5371035013, -44171.5256433422, -44086.720181112, -43187.4387780919, -43116.786136313, -43048.4082776748, -43023.8658694035, -42982.7542107211, -42961.7774117617, -42948.0252369829, -42935.6187508639, -42910.332675493, -42903.0500966494, -42900.1887530292, -42900.1213807215, -42896.7660601244, -42895.2347863415, -42893.8638514778, -42882.8632216343, -42874.208159183, -42845.9611195, -42781.0101229988, -42743.8970020171, 
-42678.0400620161, -42641.8328845341, -42576.3936399417, -40098.3931875402, -40063.8317317421, -40041.372622004, -39989.8659954106, -39977.3506326488, -39947.9628290919, -39884.0190497716, -39792.702174891, -39789.5075850624, -39703.0175716817, -39699.5065871259, -39656.6201738365, -39644.254242586, -39624.0298402312, 118589.547397379, 118654.42541028, 118731.525858709, 118799.457083326, 118843.581582004, 118939.111188731, 119093.578941441, 120042.978289565, 120112.569404867, 118593.843094612, 120143.564498634, 
118785.026706874, 120166.967305379, 118785.935891464, 120260.846661134, 121103.444178965, 121011.133010456, 120910.175985846, 120809.150978956, 120708.206984946, 120607.271481532, 120506.389626488, 118814.889476217, 120339.293881479, 118807.507378542, 118836.880105976, 118829.078865621, 118853.516635918, 118850.6503527, 118875.374971527, 123236.578755242, 123478.502489976, 123442.665595351, 123361.660413356, 123529.098728076, 123103.552309738, 123566.500853065, 122985.12515763, 123591.344892542, 
123642.203005192, 123273.202383744, 123364.46603639, 123462.826188611, 123460.024855493)
"2001STAR","salv: planted","plt: early","prp: no","rel: YES","replt: YES","thn: no",24,"2001STAR, salv: planted, plt: early, prp: no, rel: YES, replt: YES, thn: no",c(-43652.3038953735, -43606.9169968668, -43579.9603618387, -43515.2595975598, -43497.3711117643, -43427.5630660539, -43397.7322370944, -43359.622384216, -43338.5437929671, -43329.3538478005, -43284.8104845491, -43205.3515799974, -43150.5906949859, -43129.227256644, -43116.5136450292, -43084.8328794346, -43062.3711825599, -43046.5268365192, -43042.7338168078, -42394.8052461864, -42357.6850476249, -42163.717390318, -42094.7383705963, -39980.7697140032, 117380, 117544.759914822, 117494.079038567, 117579.761384872, 
117439.127222296, 118171.692605708, 118080.133490495, 117996.5096576, 118148.423262409, 117904.145589992, 117815.975098415, 118031.2, 118448.806285276, 118086.966780951, 118532.901730203, 118398.089927865, 118116.930645961, 118450.281673901, 118548.792583001, 118924.946456371, 118917.871576002, 116056.797460463, 116090.819341098, 118830.348497626)
"2001STREAM","salv: both","plt: late","prp: no","rel: no","replt: YES","thn: no",37,"2001STREAM, salv: both, plt: late, prp: no, rel: no, replt: YES, thn: no",c(-53866.7147402573, -53805.754316116, -53804.8463392543, -53753.2382356979, -53736.0181529816, -53721.7316603587, -53674.2349946025, -53661.8032158997, -53623.8686923318, -53613.6346217053, -53523.0887646131, -53499.1788440832, -53294.1294025547, -53259.2018171165, -53171.2699771322, -53140.4864469327, -53118.1212441484, -53111.3971556052, -53092.3087132673, -53069.6456980501, -53038.9357089632, -53028.166681782, -52996.121275216, -52988.5013373712, -52921.0980873523, -52904.7364646247, -52874.1790133, 
-52714.1815804084, -52704.5661260986, -52663.9413064761, -52626.2179108392, -52572.7575592573, -52078.7284976035, -51925.8634098346, -51885.3887033389, -51804.7650596738, -51793.2617819128, 240370.703620961, 240711.513744905, 240307.371494913, 240631.70652697, 240146.679498679, 240361.524083249, 240583.49702613, 240290.879874448, 240128.762879456, 240493.960550873, 240514.353985668, 240540.759936052, 240327.163895198, 241484.347341282, 241516.94436331, 240973.709998401, 241598.849312424, 240912.794190355, 
240753.204581428, 240990.305357077, 241268.451374923, 241637.417949373, 240723.676990903, 241044.372897657, 241386.496024724, 241093.377695118, 241302.49657973, 241284.564326993, 241075.986029897, 240988.218015583, 241322.505928765, 241246.506925405, 239836.944058932, 240393.963093104, 239979.630213306, 240064.818228137, 240155.986375998)
"2004POWER","salv: planted","plt: late","prp: no","rel: YES","replt: no","thn: no",21,"2004POWER, salv: planted, plt: late, prp: no, rel: YES, replt: no, thn: no",c(-30942.3574187772, -30524.8441902099, -30516.4179171886, -26478.9642442305, -26448.8336062948, -26443.9865051194, -26410.6396233118, -26355.7769304552, -26351.3981631551, -26339.7412391848, -26305.7044063462, -26271.7502451075, -26242.4921406601, -26236.5855854518, -26235.6392792786, -25448.3644861877, -25064.7591009186, -16669.2266009583, -16389.4435318402, -16290.8538623535, -16200.3201174663, 54762.48102551, 55100.837480238, 55001.2047306539, 53134.2562505269, 53224.3853300507, 53459.7331362592, 
53310.6768628992, 53497.4062845313, 53379.8585356489, 52047.4670384744, 53463.0894655711, 51976.5749319923, 52333.3408387015, 52186.1608539583, 52364.3527903387, 52209.8026198422, 52067.1057793867, 55216.8984139486, 55166.0956398892, 55141.4389454054, 55124.8534661804)
"2004STRAYLOR","salv: planted","plt: late","prp: no","rel: YES","replt: YES","thn: YES",50,"2004STRAYLOR, salv: planted, plt: late, prp: no, rel: YES, replt: YES, thn: YES",c(-93569.9649169155, -93494.4725031054, -93409.3807422608, -93318.3049754344, -93228.9824617065, -93186.5487866155, -92918.8967516606, -92906.7114493855, -92802.5300364458, -92462.6982879509, -92403.5938813136, -92350.9388233006, -92308.1999034718, -92225.0878500774, -92129.2675290425, -92031.0340357942, -91942.2046343765, -91843.7127696914, -90929.6459156294, -90888.2236617654, -90860.3213644138, -90773.2639735512, -90756.1040319194, -90754.4818302113, -90727.4190717606, -90721.7642022458, -90718.1780963056, 
-90639.2825427976, -89787.8995977079, -89697.0037825743, -89652.994118346, -89612.017234692, -89607.6830817579, -89601.723250346, -89593.5113905769, -89553.7412866072, -89553.2893115545, -89518.6685215757, -89422.9809015885, -89363.0391239354, -89347.7214504452, -89334.208137187, -89324.4544724655, -89289.3078174035, -89287.1324209536, -89203.8739807096, -89091.0341126681, -88635.7551042262, -88572.1614571282, -88539.6061794401, 313543.034513692, 313572.377030553, 313525.180745386, 313486.655484625, 
313521.076122884, 313135.361263552, 314129.273958963, 314215.857417936, 314297.539575272, 313204.836853822, 313130.948382584, 313058.562423687, 313120.089175232, 313169.401591667, 313142.768665741, 313126.834760857, 313087.055695082, 313086.597385523, 312361.441725184, 312181.96033086, 312300.301188146, 312776.627735339, 312337.390950616, 312499.879729178, 312858.444584222, 312165.063827748, 312959.783321062, 312124.247029026, 311980.497332079, 311983.732860174, 312246.448021276, 311864.626336812, 
311971.527242319, 312177.416855236, 311875.725643136, 312110.312147971, 311730.279562178, 311812.01619056, 311830.377164795, 312112.685607385, 311662.731428422, 311866.169705145, 312033.62331064, 311588.528217789, 311950.794242679, 311555.452700791, 311725.603769473, 311188.96262931, 311369.926693343, 311196.81033802)
"2004STRAYLOR","salv: both","plt: late","prp: no","rel: YES","replt: YES","thn: YES",35,"2004STRAYLOR, salv: both, plt: late, prp: no, rel: YES, replt: YES, thn: YES",c(-93184.7791419014, -93072.2249109551, -92793.4063143892, -92689.4305376491, -92666.1546705661, -92659.8828638332, -92599.1299623114, -92576.4833224884, -92521.3676626222, -92474.5186993363, -91685.6652197455, -91481.3931683655, -90758.5883726707, -90704.5107944737, -90689.6021942717, -90658.6232419198, -90522.5877269691, -90520.0510779317, -90096.8, -90011.6461527863, -89588.6244349657, -89258.9821060465, -89073.9024499689, -89042.2825186208, -88996.0736041648, -88988.1838915878, -88984.9214420487, 
-88918.0496531942, -88911.5750972896, -88827.342501047, -88813.8425007994, -88721.8443842653, -88613.8983828506, -88580.137671033, -88479.0195248515, 313152.385992865, 313463.470956979, 313479.489492683, 314007.03494944, 313428.879753587, 314162.43029002, 313973.486006565, 314189.538834197, 313447.045464151, 313532.257303817, 313032.960568943, 312703.019934141, 312681.273104048, 312867.473984216, 312971.579925459, 313061.973821211, 312886.618334414, 312119.863997828, 311778.761435509, 312001.472592225, 
311651.64201524, 311502.349723352, 311295.38542553, 311372.674051066, 311725.682695884, 311848.703614718, 311302.404977296, 311162.423534771, 311232.947598468, 311180.751801536, 311224.477895308, 311228.627954808, 311035.705472144, 311128.550453278, 311189.739764212)
"2007ANTELOPE_CMPLX","salv: planted","plt: late","prp: no","rel: no","replt: no","thn: no",89,"2007ANTELOPE_CMPLX, salv: planted, plt: late, prp: no, rel: no, replt: no, thn: no",c(-56138.9644974116, -56070.6671333476, -56005.913806138, -55975.0739939779, -55892.4699589038, -55831.6759624762, -55759.8533024587, -55754.4263056644, -55750.6474740339, -55694.4895617882, -55668.3098238152, -55634.1030197693, -55611.2022343646, -55579.2004788061, -55534.6512891958, -55532.5468402263, -55529.8013934305, -55469.1644403565, -55466.0715973819, -55446.6932633231, -55410.5865200491, -55214.1543215523, -54542.624428476, -54264.2199127481, -54219.2005920349, -54148.5435616223, -54122.0092886815, 
-54055.4006571065, -54039.8770817953, -53898.3134297279, -53883.4073511695, -53873.5717576556, -53867.1573332869, -53781.2877366266, -53693.8711932107, -53664.3179728378, -53641.979699177, -53623.283682731, -53618.2825910996, -53604.3023711591, -53588.5287133129, -53580.5209030887, -53570.3077489808, -53527.5337292251, -53512.5468954176, -53511.9533010131, -53482.3215874431, -53475.5715816202, -53442.7372708895, -53427.6383123382, -53386.5489643717, -53381.132388039, -53381.1028528103, -53345.6779766402, 
-53276.8088778555, -53234.7092776159, -53217.4118610106, -53200.0674352364, -52987.8073532994, -52826.9202300561, -52821.1514617468, -52798.7058706825, -52745.1858803412, -52742.2315312501, -52731.6255430114, -52704.1941657257, -52677.7777435726, -52677.3052819235, -52600.3329865695, -52582.8813106549, -52569.3191386599, -52541.2126376736, -52499.7574107034, -52494.7142016882, -52486.2183402419, -52435.3191736042, -52430.7399523089, -52348.0946197955, -52332.8557505657, -52283.255860696, -52241.2084377343, 
-52220.2770969767, -52190.3427681533, -52175.9387299275, -52126.6870762141, -52054.1553823543, -51983.9899851504, -51947.7818275492, -51675.1346398739, 238288.099868074, 238217.041992048, 238143.607370326, 238049.530628197, 237875.5756119, 237802.071028897, 238157.069417149, 237744.30717206, 238322.328774122, 237665.483326318, 238128.34781178, 237590.264362104, 237520.957758031, 238828.930281725, 238904.969483271, 237222.712241415, 238021.714557426, 237271.644833774, 237431.795463176, 237751.213416862, 
237131.097486926, 237338.321720619, 237485.098238192, 238793.803426337, 238592.818329967, 237310.308885704, 238607.404856361, 235564.1522604, 238627.250117441, 238668.647155103, 237718.559405735, 234763.800722776, 238757.496480716, 234786.580649049, 234752.418468747, 237900.128185802, 237179.890299397, 238552.849118474, 238099.652589675, 234708.758066125, 237259.83820601, 237055.251238856, 237909.249884585, 238070.73278034, 234779.079272882, 234683.833148333, 237058.817695051, 237888.963330665, 235045.905945938, 
238069.574662118, 237060.295347334, 237914.346738699, 235657.686523916, 235033.593777093, 235382.435186089, 236771.088235988, 235304.754245011, 235217.697295089, 236120.502889167, 235942.128674107, 234238.908288397, 234100.933694446, 238141.17538391, 235893.505138988, 236204.476489076, 234078.762313701, 238202.893149847, 235820.33718001, 236042.636118309, 236128.941316059, 234236.478850809, 234149.866399005, 237792.405740711, 236985.861557982, 235511.288934711, 236913.66132268, 237410.356363896, 
236874.677853765, 237409.439030261, 236816.076660871, 237405.177824661, 233988.760479234, 237074.926190142, 234174.263509149, 238457.208206524, 236802.619899758, 236845.089594415, 236937.532565615, 236931.37619591)
"2007ANTELOPE_CMPLX","salv: neither","plt: early","prp: no","rel: no","replt: no","thn: no",68,"2007ANTELOPE_CMPLX, salv: neither, plt: early, prp: no, rel: no, replt: no, thn: no",c(-53192.2401747075, -52594.6793947396, -52323.2457110474, -52228.6507857909, -52225.1890315924, -52212.0490240874, -52190.8641475228, -51748.6864110274, -51696.8044146624, -51659.5075156444, -51532.5290568064, -51419.9097235918, -51217.6781986048, -51164.4977947987, -51150.13645139, -51143.1195119734, -51086.976018043, -51044.8587907043, -51000.4741376157, -50991.8969669193, -50969.0473938462, -50917.5559328546, -50912.4317396022, -50832.4499765881, -50823.3243039158, -50786.3117076524, -50585.8325871564, 
-50572.2217127557, -50558.0972268021, -50557.1547528689, -50556.0086362132, -50497.3562693095, -50479.7907734648, -50382.9438750578, -50284.189968772, -50186.6560737178, -49946.5381215671, -49858.7521772315, -49600.4625593009, -49424.5523231903, -49416.8319592298, -49234.9092716651, -49165.027033442, -49044.9238209835, -49039.4115735053, -49019.3374848368, -48969.0186579251, -48360.7356498276, -48341.6605993267, -48249.9754570116, -48097.6034351155, -48088.2064732688, -46903.1795368045, -46562.4322863075, 
-46556.6850874032, -46534.6746149263, -46484.2412051463, -46445.9171243267, -44557.0148400803, -43995.76082486, -43892.2941928456, -43892.0918577588, -43644.3688203676, -43540.0823220243, -43538.1033841103, -43530.4345086973, -43526.6025762445, -43514.5465213522, 232048.427031042, 233469.00990338, 232572.697053974, 232597.563715038, 232569.370974418, 233754.338594332, 231245.355030174, 237247.044659669, 231507.45307308, 237281.066234092, 233849.725581445, 237161.320287986, 234389.376895806, 234306.024859968, 
234122.872482121, 234209.277824553, 234640.471529025, 234729.793078325, 236309.354128567, 234807.405823194, 236218.987507992, 235977.849466653, 236793.030161045, 236016.748536517, 236776.501187271, 234748.993618917, 234271.995221819, 233905.165424991, 234178.013741498, 234361.277328402, 236758.989051254, 234439.597013701, 233877.512802142, 233899.066733243, 233913.312004632, 233893.675736563, 233730.232238823, 233734.069479605, 233775.882020471, 233834.094235061, 233736.06216098, 233591.026020821, 
233537.38134832, 233874.811282275, 233775.597779027, 233678.352683621, 233593.068563774, 232818.10406247, 232789.032707053, 232832.798520745, 237148.136162899, 237234.569849297, 238956.519249718, 238441.848191252, 238232.168982113, 238624.915240452, 238272.840393461, 238364.293385924, 239368.946028358, 235693.818815381, 239949.738964322, 239788.487360835, 239164.140218075, 239607.31837089, 239507.15517156, 239407.871386122, 239307.731665656, 239701.296658545)
"2007MOONLIGHT","salv: planted","plt: late","prp: no","rel: no","replt: no","thn: no",243,"2007MOONLIGHT, salv: planted, plt: late, prp: no, rel: no, replt: no, thn: no",c(-70938.7753014615, -70923.0980776741, -70882.3685536839, -70067.0092726698, -70023.0403543674, -69968.8788418203, -69897.0563964417, -69479.056597072, -69396.7111561426, -69306.7648597377, -69211.5286874688, -67774.0655236288, -67732.3674508094, -67648.6204884889, -67627.2450521092, -67614.3789920953, -67577.014901716, -67557.5160333192, -67504.7902248039, -67499.520031817, -67485.5364807061, -67482.4424658669, -67464.8697707475, -67399.7251669399, -67395.2118852176, -67389.0897888151, -67365.1249423961, 
-67352.2864338929, -67345.9521937092, -67343.618660792, -67321.0016312909, -67320.0423251996, -67308.0571791355, -67302.8686666402, -67292.7433237892, -67279.3017276284, -67268.412014708, -67255.7316348574, -67230.9325222539, -67194.0730766468, -67186.8010170117, -67184.0094197825, -67161.3391941362, -67135.0634332838, -67120.9963384202, -67099.7364458686, -67037.1345588066, -67014.4621472415, -66999.5943453584, -66986.0111153674, -66965.9468497953, -66959.3226660474, -66938.2291325661, -66897.153058255, 
-66849.6229984046, -66832.8674644771, -66823.2448244213, -66816.0515009565, -66810.54061047, -66771.9530891951, -66767.581316128, -66748.0873691218, -66747.2395343908, -66735.677126119, -66727.8531434044, -66715.7984378732, -66678.5981465186, -66677.0459922341, -66674.0633351379, -66654.1699002608, -66631.6246022539, -66607.459616175, -66596.176564755, -66583.6164667114, -66570.6780253957, -66563.5907894316, -66531.2409500245, -66531.1224485137, -66511.9056553817, -66500.2031771709, -66495.7972622152, 
-66490.048315718, -66465.9409006463, -66465.1706409242, -66461.202138208, -66457.9, -66452.3352348473, -66446.3074623234, -66443.4509227698, -66437.3387663201, -66420.9079613526, -66389.6623624773, -66366.3638237442, -66360.1746891085, -66309.5183596011, -66307.5916301878, -66272.753853474, -66216.5101057551, -66166.0095282307, -66122.392319566, -66083.4216972067, -66031.8440926262, -65980.289796113, -65978.172960954, -65970.5005813077, -65942.1816392408, -65938.2027105924, -65879.058308365, -65849.5242673355, 
-65789.2000143001, -65756.1071433882, -65636.9282778662, -65615.5577547742, -65593.3782742438, -65574.8095060228, -65569.7958590611, -65565.3939478125, -65522.9318334874, -65490.9470712636, -65354.4063502463, -65287.8213438986, -65060.9459269165, -64974.6259083549, -64954.0303500439, -64921.2818706128, -64917.7545851309, -64917.2768161652, -64903.1181273575, -64895.3554133001, -64889.0413755591, -64887.1458185909, -64865.8848487034, -64803.0881313378, -64780.2868542301, -64759.8026065695, -64727.3517190795, 
-64718.1469629525, -64713.4810725575, -64700.9971262828, -64684.0506212586, -64644.8510392025, -64634.0063599522, -64608.268255953, -64590.3574751008, -64587.2525203312, -64582.0447011863, -64581.4724651544, -64575.3444882334, -64555.3462498678, -64549.1708550514, -64506.6094378311, -64412.4253582543, -64401.021054745, -64393.4652162324, -64392.6885944697, -64313.5473112503, -64272.546262168, -64229.0737786614, -64209.7529429823, -64192.3469573823, -64029.6072973116, -63998.1867099816, -63914.9013576871, 
-63738.392408331, -63705.2683366213, -63662.230407473, -63607.3668442942, -63565.199805469, -63507.1736480531, -63413.0894206383, -63056.7492334867, -63046.0824709068, -63030.9900051907, -63002.8969619562, -62852.2369514894, -62808.7755227541, -61959.0321591315, -61883.506312954, -61803.778919173, -61801.7482941543, -61778.5825257309, -61735.214178516, -61619.5724794389, -61543.873304739, -61490.0470560963, -61268.1838575047, -61261.838982536, -61138.6465365869, -60287.1063853946, -60078.4346744057, 
-60050.199688214, -59838.0210975882, -59788.5200634562, -59364.4131658451, -59359.8781266969, -58467.4586161042, -58368.8614276458, -58341.4954432376, -57646.8800142824, -57563.5723324731, -57557.289812749, -57526.3741076287, -57510.7195283125, -57505.043702604, -57477.5270825648, -57476.244799089, -57475.2422275547, -57449.1611722115, -57409.0081425114, -57380.4124456483, -57374.6764250761, -57373.3107045475, -57371.3579534895, -57371.3266582034, -57368.9204761337, -57355.616043305, -57329.6087110672, 
-57307.9802186466, -57305.5798428114, -57220.7889808215, -57185.4291405476, -57175.1431123338, -57165.9862670371, -57094.0516234963, -57079.693044022, -56803.3257635634, -56076.6816316988, -56070.5133692361, -56054.9156413434, -56042.2616611416, -56017.8254246294, -55993.9180621187, -55993.4149072199, -55827.6217889035, -55787.297788529, -55703.1534382088, -55605.8834479443, -55518.1340339945, -55434.8898949832, -55339.1160019788, -55245.1587973892, -55144.2845354645, -54331.5843833033, 246923.791328476, 
247512.283860482, 247561.625556078, 245932.313564403, 245811.082568149, 245734.07818827, 245671.529892189, 249767.746343128, 249780.254264623, 249817.460596647, 250081.546424808, 248642.026004096, 248557.726384769, 251241.895960169, 249089.722506908, 251331.087323237, 247713.831112808, 249054.490987376, 247680.705934835, 249648.062189843, 249299.064253518, 249064.433220239, 251145.374677709, 249114.948799721, 247036.729741663, 249291.439980914, 246941.750989286, 247049.066190282, 246651.349251771, 
250999.183315911, 250914.039259583, 249167.588262044, 246670.49452797, 250820.906689003, 249287.46381562, 251238.880959692, 249245.386398986, 247027.120607462, 246730.575054552, 247465.044699722, 251220.88991273, 250983.269773434, 246997.196696073, 246755.919756234, 247559.45204701, 247431.41698234, 246765.164645453, 247390.535949679, 247414.777651331, 247066.210930224, 247593.00296201, 247534.428285226, 246771.962976319, 247657.79345815, 246735.2319014, 246398.421554044, 246334.614386344, 247591.723700164, 
247669.655858278, 246249.103473025, 246779.467661195, 247461.911554661, 246403.977747195, 246950.426620756, 247639.171281852, 246166.744459127, 251853.635972037, 246876.314017226, 246766.806631724, 246407.454182316, 247513.924977161, 246695.870883011, 245990.268442412, 246081.013409453, 247387.878332164, 246448.059282444, 246740.963227943, 245916.813238256, 247704.612848053, 247734.40372219, 249149.399625609, 246904.575270022, 246456.21142283, 245854.40073909, 247868.833273938, 247906.958119839, 
246978.730042774, 247966.891223912, 247808.314693163, 249072.09047079, 246388.853981189, 248986.547289384, 246782.958889301, 246310.211898791, 248927.685102341, 246226.761666215, 246757.799898395, 248893.114494951, 246953.773367918, 248863.963459212, 246850.968890756, 248890.176373912, 246723.749026841, 246772.461859855, 247947.91902061, 250388.897200476, 248896.919462884, 246759.633372412, 248851.141516469, 248395.943826961, 248824.333854497, 248981.078042366, 248834.407554735, 249071.173753762, 
248391.685011974, 248780.321920354, 249157.746197039, 248801.767140504, 248420.519541925, 249210.832583355, 249137.161335915, 246740.733852418, 246785.738339178, 247483.148165016, 247715.216219877, 247839.785559022, 248023.030059278, 248291.719118373, 247928.512629401, 246797.247520516, 248199.278535172, 247497.198587509, 246836.983380724, 248424.405694084, 248078.674186258, 246890.480122929, 247543.137243493, 248133.109472429, 247616.697259383, 248412.475063693, 246936.19511594, 247544.431129079, 
247023.186270419, 247458.386027775, 248395.687608316, 248197.763949796, 248033.909118167, 248297.602512808, 247096.851826068, 247944.713240765, 247857.66496951, 248467.119111308, 248826.406421098, 248563.57167773, 248738.073242017, 247694.672460248, 247603.265764457, 248405.754263087, 247562.587716068, 247761.148761934, 247841.776748408, 243864.817149776, 243811.992641471, 246117.781076849, 246268.724812411, 246055.988218828, 246283.134347832, 247598.425640957, 246274.255755213, 246269.543321522, 
246862.302947241, 246593.685687763, 246691.904027943, 246782.959501268, 244576.093081765, 247759.834857064, 243604.090156199, 243666.532663179, 242705.965617119, 243721.547063994, 242863.666165448, 242635.283242155, 242925.221784188, 242988.31155637, 243107.480594751, 244685.454852887, 245072.978818754, 246015.687165508, 242930.098733858, 251761.008961305, 251807.197869639, 252370.659267475, 252534.6597444, 251945.261036081, 252100.582262799, 251959.264770913, 251962.916869542, 251718.451777133, 
250030.812129978, 249984.745369849, 249479.565627689, 249386.402423359, 249766.709723863, 249863.226353958, 249673.696977103, 249938.848032391, 249316.055297474, 249579.046597635, 251417.208954356, 248434.811907544, 251342.320839505, 248823.370725439, 249225.680353669, 249125.717144684, 249028.943343813, 248907.868226408, 251064.38751937, 251160.572735984, 251275.518047515, 251316.742042078, 251406.806800739, 251502.195490464, 251180.029679971, 251247.214623179, 248030.054470764, 240173.687915015, 
246912.840540548, 246811.395934822, 246974.776033004, 246601.049744028, 246996.551038573, 247055.638881926, 246689.114081941, 247000.29458657, 246210.59157399, 243685.923177375, 243717.131593122, 243770.563239679, 243830.538379106, 243864.519463712, 250353.051572262, 248903.947052086, 243614.5)
"2007MOONLIGHT","salv: neither","plt: early","prp: no","rel: no","replt: no","thn: no",82,"2007MOONLIGHT, salv: neither, plt: early, prp: no, rel: no, replt: no, thn: no",c(-70748.7172451159, -70267.4417252006, -70264.3475543967, -67052.2514467659, -67015.2550863963, -66873.1304555134, -66802.934949025, -60528.9179610546, -60448.2789380018, -60314.1367080879, -60157.432625746, -59988.9315247497, -59972.0479913281, -59894.221743364, -59143.2809926358, -59051.4084299642, -58781.4395378694, -58660.3751244189, -58595.7892974726, -57603.285893825, -57329.4719684018, -57241.9962620458, -57235.0266988606, -57205.4465666946, -57192.7, -57154.9813945544, -57136.9255980461, 
-57133.7023086163, -57132.1239734966, -57113.4086935041, -57101.6556998067, -57084.3112091299, -57081.8432903817, -57062.9049526309, -57016.1263574529, -57010.8214348918, -56995.4596180849, -56985.2486957026, -56924.6410365641, -56739.9259798403, -56669.4389139853, -56611.4564636072, -56601.7152806678, -56179.7998132577, -56022.9312156061, -55936.393572607, -55909.3190554551, -55774.5872851053, -55755.209265583, -55673.5864997597, -55659.4458220805, -55604.5189770593, -54737.715389787, -54710.643007905, 
-54470.3153023651, -54453.1681674202, -54428.7873304336, -54373.3747564107, -53822.0974559279, -53424.3377708449, -53416.5081637537, -53414.5557879005, -53379.1316319605, -53366.6200852423, -53355.6338851858, -53316.9791022924, -53291.2473238865, -53285.3364990851, -53218.9186352949, -53211.4844579495, -53128.2909802022, -53057.5429755238, -53001.752266217, -52974.3681342828, -52961.8241931136, -52952.8343767968, -52930.5759324594, -52916.2868650727, -52914.8208522377, -52828.24959452, -52754.7105108567, 
-52735.4353139009, 242408.211116672, 241745.584535902, 241570.604121669, 251905.145700687, 251994.339065175, 251485.460451134, 251761.51204127, 239426.194355721, 239371.878914879, 239435.760087294, 239448.85505127, 239462.470779537, 238902.434167383, 239476.847195156, 239054.244920309, 239078.964648083, 239350.813452497, 239587.981538116, 239655.444228719, 240190.559189429, 249872.57674152, 250078.388067985, 249997.729143647, 247377.918871511, 247476.264352175, 250110.605847923, 250266.592673428, 
242780.245786109, 242689.878279931, 242599.353498819, 250271.351568588, 242617.173467938, 240408.61905539, 250936.042160552, 242687.55445816, 240423.346253519, 250952.407735356, 240330.039969507, 242724.679752046, 250948.405024522, 250911.711563908, 250255.743035846, 250161.086108877, 241197.75721951, 247596.471197802, 247740.607013344, 241350.63171948, 241239.013173967, 247122.191890193, 246937.587897004, 247266.537164987, 247194.507634455, 241940.319384175, 243092.294049467, 243981.521885843, 242345.288388815, 
242436.4176522, 242511.456089655, 245050.2535467, 247348.563365239, 247430.758673153, 247598.622158361, 247344.440103411, 247539.851111142, 247278.326092803, 247688.791351935, 247204.496528149, 247252.969957806, 247151.514732115, 247194.788533073, 247209.591375637, 247255.637058636, 247267.989778184, 247191.383851883, 244970.949913693, 246468.398911196, 246663.764514071, 245453.382602676, 246746.05906108, 245557.731390828, 245407.130402101, 245309.412239055)
"2007MOONLIGHT","salv: planted","plt: late","prp: no","rel: YES","replt: YES","thn: no",57,"2007MOONLIGHT, salv: planted, plt: late, prp: no, rel: YES, replt: YES, thn: no",c(-71539.9445937966, -71470.7941710426, -71405.908417793, -67605.9403475867, -67600.5755772406, -67590.7032687025, -67560.8040767916, -67541.5479156409, -67492.6051249742, -67445.8327445322, -67353.2025719475, -67318.0114672001, -67264.7795107656, -67223.3942597361, -67197.6512174602, -67174.1836351169, -67162.3937747882, -67160.536179867, -67155.7448494242, -67148.2204697652, -67145.4760595048, -67109.1262122536, -67068.251240963, -67065.5768286028, -67033.3203900835, -67010.6918187242, -66971.2907244103, 
-66969.0570028651, -66912.1140185899, -66886.5497347085, -66851.1538537661, -66843.9567711308, -66816.9896694261, -66787.0589720747, -66783.2794528851, -66744.3178089481, -66683.2369904784, -66679.2159363101, -66610.0663761405, -66599.5414769946, -66569.9850172015, -66503.1906156652, -66463.2808447468, -66409.7373909065, -66397.0985702343, -66349.9030357274, -66308.5957891292, -66285.7879807356, -66263.1162009559, -66183.8090065214, -66108.3762836603, -66054.3487664695, -66005.4206424638, -65970.681803775, 
-65927.3109627055, -65853.486454091, -65833.6325647567, 248269.660341635, 248199.404161222, 248106.207350405, 248875.97178308, 247966.261164254, 248633.021732757, 248159.747678444, 248787.021285786, 248615.476027866, 248763.263822102, 248738.120215303, 248520.113043934, 248694.550667894, 248487.888610297, 247613.767423996, 248699.957413854, 247699.272299161, 247981.728269356, 248072.861394388, 247786.854778162, 247885.604324165, 249167.319074054, 248110.815372375, 249233.015181476, 248479.847044869, 
248638.622081039, 249207.188847762, 248111.457733577, 248641.427924731, 249160.043906985, 249067.64214605, 248429.046052826, 248630.02750218, 248168.657900789, 249007.397711201, 248423.976013461, 249010.44171606, 248651.082795126, 248204.604911448, 248996.41182867, 248907.090144828, 248623.737883547, 248784.067451162, 248625.732690538, 248302.1863211, 248575.533382841, 248259.969837091, 248714.377615822, 248554.396387348, 248522.093772583, 248465.604518103, 248434.959211591, 248671.888014235, 248479.954243983, 
248613.098769397, 248553.084371768, 248580.911607918)
"2007MOONLIGHT","salv: both","plt: late","prp: no","rel: no","replt: no","thn: no",56,"2007MOONLIGHT, salv: both, plt: late, prp: no, rel: no, replt: no, thn: no",c(-70909.9024932917, -70890.3326260541, -69812.1897176439, -67495.6312601932, -67301.4977879744, -67119.211833451, -67028.7918446247, -66952.2738196745, -66930.0632551357, -66894.3993265709, -66859.8739488726, -66848.6388686441, -66808.1218269967, -66786.5230458635, -66701.5035969462, -66595.2916428436, -66582.8045699536, -66522.3988036721, -66500.0696464573, -66485.8302300613, -66427.383876265, -66391.4696852722, -66378.8444749164, -66378.4526019811, -66315.0954635254, -66257.6264664993, -66246.3860580158, 
-66185.5243393875, -66166.1432292342, -66071.5273373903, -66042.4716418496, -66026.4665823175, -65946.9805824596, -65918.9003183011, -65881.2912595339, -65828.9459571791, -65347.2294904551, -65324.261518567, -65320.8669014767, -65313.6837674179, -65271.4351826043, -64926.6485809379, -64528.3577263616, -64361.4570022905, -63726.26946843, -63628.8108163202, -63550.080407323, -62045.4005677365, -61663.2366858337, -60699.5591320148, -60694.8142105056, -60650.8528620124, -60641.4014158896, -57296.9262277956, 
-57287.9809650956, -56558.0938517685, 246981.668204655, 247009.922073862, 245848.221287636, 249907.58087821, 246933.212508099, 246814.077486019, 246854.387998861, 246914.329231677, 247061.913987222, 247387.168611008, 246948.595037649, 247129.121804352, 247174.327997504, 247007.703111419, 247255.930062223, 249979.090508188, 250214.462767077, 250291.746129924, 247451.037246222, 250384.405343501, 247510.850446625, 250532.138672228, 247490.53681388, 247571.365548657, 250469.05560572, 250388.140505606, 
247372.535800715, 247287.285730806, 247383.332501566, 248095.104056059, 248186.277562258, 248017.846225411, 248310.207381111, 246557.881036906, 246649.333177536, 247896.193093354, 248897.358537364, 248583.298293214, 248667.164006851, 248803.289469545, 248954.031042922, 248710.373737588, 247188.502876472, 247782.295446301, 247458.583430743, 247476.210723849, 247539.085781645, 243562.696381495, 242570.098244641, 243905.857505395, 243656.127070493, 243820.867898505, 243722.247414486, 248469.422243699, 
248559.988462359, 240313.232375679)
"2007MOONLIGHT","salv: planted","plt: late","prp: no","rel: YES","replt: no","thn: no",41,"2007MOONLIGHT, salv: planted, plt: late, prp: no, rel: YES, replt: no, thn: no",c(-70177.9352367607, -70148.905850122, -70063.8246562025, -69992.6639200923, -69906.6709630203, -69872.3996522049, -69848.315596286, -69841.4992914479, -69841.0552454288, -69820.6618656244, -69807.9808420091, -69804.3545174795, -69695.8189756891, -69636.1240470006, -69633.0710176381, -69137.6899098448, -69075.8464550316, -69020.53095323, -69011.2311437904, -68950.3002991765, -68886.6846984169, -68868.7816979215, -68850.0831349592, -68817.9408130649, -68807.1950493952, -68798.3757368713, -57793.5666859941, 
-57773.8386397124, -57702.3226611576, -56893.1989708113, -56847.421225025, -56600.1396129781, -56593.2446250544, -56534.7397283613, -56517.0771780796, -56433.4650066807, -56103.3214268809, -55682.8535839014, -55595.7835660802, -55497.7443215851, -54924.2347806606, 241902.491500895, 241851.587528736, 241806.161139276, 241738.849974721, 241328.207883564, 241985.480883147, 241632.544631437, 241894.548666191, 241716.545904119, 242125.537548135, 241325.818178045, 241804.214294501, 241466.832536982, 241388.963425019, 
241293.360758151, 243303.721435357, 243386.66343472, 243035.404187084, 243463.471288953, 242965.936191571, 242890.595637118, 243229.591215403, 243145.663300696, 243052.376876773, 242862.329910579, 242955.664311359, 240299.891721135, 240205.017184998, 239659.573601062, 238402.903598695, 238321.955271559, 238556.999115812, 238481.32799036, 238632.192850359, 238419.407346601, 238366.251651597, 244854.091989831, 243561.867801793, 243513.430614083, 243494.947328356, 244457.181834016)
"2007MOONLIGHT","salv: neither","plt: early","prp: no","rel: YES","replt: YES","thn: no",24,"2007MOONLIGHT, salv: neither, plt: early, prp: no, rel: YES, replt: YES, thn: no",c(-54671.7, -54668.1468566582, -54529.6735085273, -54480.8049574643, -54431.2436266095, -54402.6924547224, -54323.290537737, -54245.393645518, -54161.8084728516, -54127.4868368258, -54106.1100772739, -54103.7678585265, -54055.0373193442, -53984.3141106357, -53893.8085317423, -53882.7397170786, -53874.731195613, -53868.8055907587, -53851.3049954765, -53834.6690109084, -53807.4621419502, -53748.6794083818, -53702.2314822327, -53699.4, 248527.071296213, 248625.049310189, 246839.90113393, 248340.635928177, 
246846.182172513, 248286.05305494, 248230.904382461, 248173.712457487, 248223.407358356, 248138.306846311, 248065.581329902, 247971.379293072, 247893.47531029, 247831.538233634, 247792.561119055, 247695.967998068, 247600.79450664, 247234.982208349, 247415.432879256, 247513.307761202, 247159.778073602, 247079.328108451, 246910.421013122, 247002.999286469)
"2007MOONLIGHT","salv: planted","plt: early","prp: no","rel: no","replt: YES","thn: no",24,"2007MOONLIGHT, salv: planted, plt: early, prp: no, rel: no, replt: YES, thn: no",c(-63262.3645288943, -62651.3489857647, -57911.6755458641, -57866.8824772578, -57795.793784828, -57751.2511273905, -57731.809320148, -57664.6259236241, -57595.7521944195, -57471.4916017036, -57375.4317988298, -57300.0913949565, -57223.4095078649, -57219.3634465214, -57111.2058097557, -57015.7327121099, -56979.8429257468, -56923.0885069555, -56887.6494972541, -56790.2015456284, -56699.8932997098, -56681.054135781, -56672.9796629753, -56671.2445864173, 247304.214433027, 247565.4052522, 251368.350927626, 
251186.509808672, 250924.579724559, 250842.349983172, 250752.976946913, 250681.912880488, 250646.58558762, 250521.478593979, 250510.730540586, 250539.944386258, 250727.019995361, 250944.868166195, 250534.956259296, 250515.007612565, 250812.053995219, 250478.556860721, 250778.067633214, 250759.869293403, 250718.098843921, 250430.785509252, 250528.617396379, 250626.982819427)
"2008COLD","salv: planted","plt: early","prp: no","rel: no","replt: no","thn: no",44,"2008COLD, salv: planted, plt: early, prp: no, rel: no, replt: no, thn: no",c(-71570.46465662, -71558.9464875002, -71480.4515256203, -71467.8650980981, -71398.9456348215, -71338.9726268453, -71314.2622928986, -71290.3997126179, -71283.6924123187, -71274.7280291337, -71221.6008148411, -71142.4319163022, -70698.0780843654, -70666.897847299, -70633.037643243, -70343.0402866444, -70272.9798194922, -70196.2642650432, -70153.6403949709, -70138.6609452209, -70117.3535876351, -70105.5060130931, -70101.7283792713, -70084.6450129, -70047.5546903209, -70018.2091302258, -69919.7852769967, 
-69897.7147667901, -69869.6826542806, -69854.6753977768, -69809.0975889406, -69799.0557793652, -69777.3970732325, -69773.062824516, -69699.4692862208, -69691.0690091109, -69614.7950114565, -69273.2469517852, -69180.2272294637, -69130.9794151341, -69117.0436962388, -69057.5068370692, -68811.7692813881, -67283.8684028267, 203582.231405651, 203547.652015208, 203616.731283584, 203583.395255408, 203673.125889683, 203580.860052653, 203649.063862934, 203410.109022792, 203558.187660833, 203506.759274511, 
202784.137756324, 202728.343899168, 203324.519414398, 203068.14532072, 203025.353425515, 203442.625669023, 203372.626508606, 203320.644160663, 202858.781030442, 203110.636146805, 202765.839664115, 203443.365889492, 203349.813136802, 202671.949163461, 203002.06985755, 202603.641059706, 203531.646407412, 203238.404979385, 202541.629782561, 203459.094009316, 202463.923536616, 203376.299193858, 203757.829432677, 202372.143840634, 203915.978292435, 202224.449874102, 202162.490996049, 202643.979109836, 
202636.90002731, 202691.872224725, 202786.079767647, 202940.995781016, 203054.550869322, 201710.806785845)
"2008COLD","salv: neither","plt: early","prp: no","rel: no","replt: no","thn: no",35,"2008COLD, salv: neither, plt: early, prp: no, rel: no, replt: no, thn: no",c(-70807.1044551541, -70727.9596252518, -70633.6856100334, -70534.5455821836, -70465.7083132315, -70437.4147677738, -70435.7465421263, -70421.3254608661, -70368.7066175268, -70336.1385524165, -70286.265818446, -70188.1608468747, -69609.3547443505, -69551.6688662079, -69541.3961635496, -69443.523646637, -69234.4182015088, -69144.5280021124, -69095.1255825396, -69057.6292033022, -68895.1248107734, -68804.7896301436, -68728.8053622704, -68658.4839840128, -68607.5534305446, -68568.4898407982, -68531.1480698786, 
-68460.2137080303, -68363.9488823464, -68019.785437641, -67963.3606623892, -67901.3086900583, -67818.7525502082, -67718.0017197518, -67464.0420631794, 202574.805243865, 202635.622532068, 202666.138502273, 202677.425717345, 202914.695444833, 203010.521387886, 202690.360684352, 203108.66779222, 203166.396745515, 202683.822510656, 203126.036630342, 203126.787247116, 203589.450543213, 203942.050428245, 203516.495417135, 203506.770924229, 203532.619917499, 203578.418179673, 203662.444375625, 203756.101998431, 
203580.92028008, 203429.775750999, 202871.147335052, 202802.706598347, 202716.991585222, 202625.2746174, 202532.714194389, 202466.002063024, 202440.732720946, 203640.838519939, 203724.832731473, 203804.056951017, 203847.518600715, 203838.134944937, 202058.640878304)
"2008GOVERNMENT","salv: neither","plt: early","prp: no","rel: YES","replt: YES","thn: no",42,"2008GOVERNMENT, salv: neither, plt: early, prp: no, rel: YES, replt: YES, thn: no",c(-51093.8162731483, -50953.4488536814, -50773.9696420396, -50676.7264869772, -50594.4534522216, -50578.8238498433, -50523.868999187, -47430.9474073494, -47429.0946598478, -47417.0557324222, -47395.261133377, -47388.0471256004, -47355.6055361379, -47305.3885741051, -47295.972359815, -47217.243564097, -47137.7628757192, -47045.1506377892, -47000.5071626127, -46971.7524402304, -46830.3069899345, -46733.9938551927, -46144.5711224763, -45956.5160368923, -45912.6225745111, -45858.0006596429, -45812.2462427307, 
-45784.0020092225, -45550.2738537749, -45486.140215121, -45433.7388371993, -45419.4448326424, -45166.1086636611, -45081.147824679, -44998.8009352194, -44923.8267447019, -44814.7849792673, -44783.8613075469, -44772.8543576527, -44689.7061866049, -44609.1758294456, -44527.0054530689, 134432.725858217, 134449.350421591, 134523.839620408, 134539.830642097, 134676.581597984, 134552.329715919, 134613.499601793, 131371.63697522, 131471.049676448, 131272.590358085, 131564.301618597, 131664.083317538, 131754.323646074, 
131124.947448047, 131834.535803349, 131896.276167444, 131957.043080461, 131982.63655548, 131894.98636016, 131799.228871563, 131664.245192211, 131646.101640219, 131370.545053751, 130748.489691187, 130812.19518548, 130640.893597622, 130559.777071831, 130471.068228591, 131397.418447161, 131661.46891276, 131770.143320217, 131727.890095469, 130247.386474068, 130302.815204306, 130361.639854341, 130429.974026266, 129469.787966786, 129562.572173239, 130565.024566569, 130623.137129306, 130684.824972041, 130744.302994643
)
"2008GOVERNMENT","salv: neither","plt: early","prp: no","rel: YES","replt: no","thn: no",29,"2008GOVERNMENT, salv: neither, plt: early, prp: no, rel: YES, replt: no, thn: no",c(-55395.6532983195, -53795.7769385722, -53707.4819701972, -51687.9849468673, -49523.4658235409, -49506.2639796269, -49496.808990075, -49485.0463538706, -48348.1124350079, -48305.2915239109, -48227.7454506578, -48162.2507565126, -47840.8899065332, -47828.2689157755, -47826.743519275, -47819.575771808, -47561.4291217017, -47453.6705009265, -47160.5751906002, -47129.1716594999, -47101.94499337, -47063.0877704733, -47046.3464939055, -46938.3286327725, -46775.8463925818, -46709.5363406366, -46613.3788777548, 
-45704.8156245491, -45108.1976667413, 135393.033305235, 130204.605570478, 130168.020057487, 131012.456450331, 134949.661286502, 135215.100567866, 135046.075787872, 135145.580393013, 131189.203150627, 131139.682880975, 131080.349139458, 131004.79096613, 131248.481949452, 131150.886228295, 131057.919383696, 131344.802888573, 130737.720075816, 130769.672117652, 130775.033355427, 130278.797495238, 130511.165736653, 130418.85679251, 130323.264525854, 132199.83760459, 132006.35134224, 131955.759836886, 
131967.987560046, 130264.218779935, 129515.412449922)
"2008GOVERNMENT","salv: neither","plt: early","prp: no","rel: no","replt: no","thn: no",23,"2008GOVERNMENT, salv: neither, plt: early, prp: no, rel: no, replt: no, thn: no",c(-55564.1983190243, -55518.0169025632, -50804.3608684005, -50702.3409927754, -50602.74639121, -50500.6614219812, -48841.7518497975, -48766.9228281194, -48732.7831005492, -48664.0355281217, -48614.0995798806, -48572.1283991868, -48486.1903065394, -48430.4606503291, -48400.6323518356, -48333.0916906983, -48309.8494558576, -48214.218719065, -48052.1603457614, -47959.4274764985, -47867.8327969677, -47839.0869139149, -47792.7410002874, 135196.335776435, 135282.91091224, 130872.845933463, 130873.468724117, 
130890.947919285, 130884.000079698, 131262.962769738, 131340.885612061, 131344.932858346, 131464.104835895, 131398.823160597, 131503.521426306, 131554.569955532, 131368.008287886, 131606.342770171, 131350.574654755, 131647.880265558, 131667.444603031, 131704.045883349, 131687.847885295, 131648.262876982, 131511.228803608, 131439.231157089)
"2009SUGARLOAF","salv: neither","plt: late","prp: no","rel: no","replt: no","thn: no",27,"2009SUGARLOAF, salv: neither, plt: late, prp: no, rel: no, replt: no, thn: no",c(-122404.3, -122343.541242805, -122340.018772285, -122214.808465098, -122179.620240575, -122156.771883257, -122120.171468719, -122109.975385048, -122097.859591676, -122083.843101107, -122053.536899598, -122031.509570994, -122021.222757939, -122006.595330491, -122004.240167895, -121948.395763186, -121895.044323697, -121893.883086431, -121875.39699832, -121708.948084268, -121617.343778018, -121578.076198167, -121534.282599834, -121529.643673214, -121467.642227381, -121291.176419352, -121134.036241599, 
297152.882794764, 301344.404882985, 301833.879277851, 301621.869879816, 296879.183812699, 296668.364044681, 296812.497412984, 301508.862561963, 297392.434341555, 296611.286716262, 296931.584127895, 297464.65779079, 301561.215222306, 300786.347141608, 301499.973091806, 300744.411856616, 300929.780465726, 297070.131681948, 297664.579047877, 297580.608583084, 301324.776100381, 301081.235931399, 301162.637166664, 297636.627552859, 297712.775665619, 297584.484289964, 297465.723531487)
"2012CHIPS","salv: planted","plt: late","prp: YES","rel: no","replt: no","thn: no",57,"2012CHIPS, salv: planted, plt: late, prp: YES, rel: no, replt: no, thn: no",c(-101009.371189565, -100991.312103149, -100861.406780946, -100720.550122928, -100681.199894375, -100677.758475556, -100616.079604862, -100587.275315526, -100567.315765309, -100454.401877305, -100403.735957189, -100402.115217683, -100371.746118644, -100312.443326699, -100311.813881891, -100268.881730338, -100230.57922601, -100217.856227813, -100180.876300306, -100154.47237515, -100141.370723956, -100118.869336481, -100104.370933761, -100099.083607092, -100089.939295784, -100063.39119983, -100059.099690927, 
-100049.680211442, -99989.3566457152, -99976.9911199929, -99927.058234544, -99906.5427814129, -99882.7259030239, -99880.9653362842, -99792.6790565625, -96335.9674849646, -96265.474849427, -96258.8056945456, -96257.8040819475, -95739.0006323355, -95580.3951483428, -95287.2055926874, -94940.476206415, -92489.2710096805, -92435.9828897243, -92315.7200399248, -91604.1953163618, -91437.640173968, -91349.3340343726, -91339.7329865419, -91305.8923760235, -91268.7159873282, -91216.5040899638, -91128.7597449717, 
-91069.8068300395, -90734.5922841649, -90693.804708952, 233612.307929936, 233500.567016103, 233672.044533319, 233551.144834296, 232944.260079668, 234026.32634775, 233024.104641283, 233879.020505765, 233623.083725208, 233726.668596225, 233488.422050623, 233738.791254779, 233203.77552196, 233199.513517032, 233622.189553207, 233477.083285955, 233641.502945836, 233334.9, 233490.135722565, 233658.22417556, 233354.437198343, 233142.733167197, 232990.912955703, 233189.438879189, 233693.873027667, 233185.358102416, 
232912.408926853, 233388.601501703, 232924.784930511, 233592.52895671, 233276.34320476, 233085.481980853, 233111.309996753, 232603.166737535, 232398.104090351, 232974.617879952, 233024.677822063, 233126.913208414, 232926.562891986, 237828.540663515, 238017.788745633, 233732.050652873, 237561.441212235, 237790.865133828, 237870.745514864, 237645.161819622, 236758.165271567, 235828.961511532, 235648.971393079, 235823.5, 235614.659133149, 235696.727994187, 235611.325898488, 235608.643251291, 235529.660357498, 
236887.641056912, 236968.231266182)
"2012CHIPS","salv: planted","plt: late","prp: YES","rel: YES","replt: no","thn: no",47,"2012CHIPS, salv: planted, plt: late, prp: YES, rel: YES, replt: no, thn: no",c(-96777.9166913222, -96659.4570018197, -96458.2354074456, -96428.1316088795, -96216.295506638, -96129.7611556886, -96024.5352043857, -95915.9378626498, -95773.7690160363, -95764.3961396296, -95719.3490139014, -95707.9640943212, -95704.8721865381, -95649.4633850044, -95526.3443165874, -95459.2195532193, -95211.9496608335, -95145.4704581036, -95142.7116012099, -95050.2436337932, -95041.5498177624, -95008.3227463139, -94999.2573636067, -94955.764311137, -94929.1139385718, -94881.4243256397, -94794.0686712984, 
-94763.3902546826, -94751.8384537953, -94726.8352748179, -94717.5548208899, -94691.7821496756, -94580.2666231749, -94527.5217707315, -93853.4307438828, -93825.9683551458, -93820.1696363343, -93817.4611537894, -93815.7541715045, -93805.4582065163, -93789.939630301, -93729.3436796224, -93699.9049614216, -93693.3438743915, -93675.176540744, -93643.5485594079, -93578.9126683654, 236987.219671428, 237020.405654911, 236603.411668295, 236520.095019763, 236582.782064723, 236076.031360795, 236234.218719356, 
235884.085271767, 234785.09268982, 234939.985465598, 235455.479150616, 237715.651796053, 235716.384220584, 236500.03100074, 235207.948189221, 236475.600300029, 234883.01546949, 234813.922639525, 236326.53009138, 236330.457594574, 234558.414804942, 235008.346963722, 235713.946593927, 236332.285445524, 234962.429009424, 236271.093761556, 236239.415349575, 234906.128388879, 235760.814438919, 235001.272936533, 236196.39411805, 234945.344276651, 235076.702018785, 234856.295973253, 233165.575722836, 234813.302423035, 
234469.961179701, 234619.008904551, 234680.601098216, 235011.435899462, 234451.447960895, 234652.722068453, 234573.810334625, 234475.106156746, 234877.083870383, 233309.807873413, 233294.035835556)
"2012CHIPS","salv: both","plt: late","prp: YES","rel: YES","replt: no","thn: no",35,"2012CHIPS, salv: both, plt: late, prp: YES, rel: YES, replt: no, thn: no",c(-97191.2255453286, -97029.4172118013, -96968.961240343, -96907.1773827267, -96815.23097356, -95922.1725898062, -95913.4563076802, -95884.5195164688, -95876.4331761481, -95875.7172409923, -95844.3590336747, -95833.7705886909, -95810.296385409, -95787.0890568199, -95768.2322694087, -95740.0806909885, -95734.9956273542, -95728.7923001711, -95682.8468285142, -95671.9031877106, -95624.1284594283, -95619.7416361195, -95571.7846647095, -95535.3619454793, -95529.6588665639, -95495.2939777804, -95471.7802640814, 
-95428.1505613361, -95389.3878217422, -95370.1034339126, -95279.6826831644, -94763.0289287127, -94751.7528189767, -94295.8034175131, -94182.626806746, 237197.188513437, 237222.964629448, 237149.966132734, 237074.991192586, 237023.625630002, 235343.508863799, 239398.988183171, 239588.670268923, 235334.09288043, 235425.576913327, 239327.50620258, 235502.258614925, 235276.064563599, 235937.838850271, 235095.115230095, 237627.376918608, 235993.668948499, 236480.284417523, 236072.662366467, 235808.126612752, 
235324.339857517, 235890.175538892, 235974.215693723, 236064.768031477, 236311.014980308, 238401.172607978, 236128.917920194, 236205.035596112, 236289.004136658, 237715.984378823, 237683.321315655, 234819.368356744, 235075.206398838, 232730.523021831, 234664.111535466)
"2012READING","salv: both","plt: late","prp: YES","rel: no","replt: no","thn: no",22,"2012READING, salv: both, plt: late, prp: YES, rel: no, replt: no, thn: no",c(-120245.705024029, -120035.583653766, -120022.931704732, -120020.173257161, -120007.997560272, -119934.03842998, -119924.204276459, -119920.661128366, -119903.963829436, -119869.102667919, -119844.757342764, -118958.616512788, -118955.774122176, -118899.162745006, -118889.490911783, -118762.340272322, -118757.141033809, -118745.073772659, -118735.882210147, -118680.375844932, -117543.704108775, -116076.27003822, 285040.7941969, 284839.175444235, 284624.934600438, 285037.456589803, 284836.87262133, 
284841.971740567, 284627.272728179, 285036.883845974, 284831.336617685, 285044.731087025, 284773.592912327, 288055.470634645, 288252.942331374, 288237.676434414, 287998.845802641, 288324.726517579, 287852.712579479, 288027.793487143, 287947.640463103, 288320.67737176, 288460.353168413, 289268.024212074)
