"PlotID","EnteredBy","EnteredDate","SurveyDate","Camera","PhotoNum","Aspect","ParentMaterial","SlopeDeg","SlopePos","SlopeShape","FireSev","Notetaker","LgRocks","Litter","WoodyDebris","BasalVeg","Forbs","ForbHt","Grasses","GrassHt","Shrubs","ShrubHt","LiveOverstory","LiveUnderstory","SeedWallConifer","SeedWallHardwood","Representative","Planted","PlArrangement","Logged","Released","DronePlotRadius","LitterDepth","DuffDepth","CWD_rotten","CWD_sound","mass_1h_slope","mass_10h_slope","mass_100h_slope","mass_cwd_sound_slope","mass_cwd_rotten_slope","mass_total_slope","mass_fine_slope","mass_cwd_slope","mass_total_horizontal","mass_fine_horizontal","mass_cwd_horizontal","SlopeAreaSeedlings","HorizontalAreaSeedlings","HorizontalAreaTrees","SlopeAreaTrees","QUCH_NE","QUCH_NW","QUCH_SE","QUCH_SW","QUKE_NE","QUKE_NW","QUKE_SE","QUKE_SW","QUXX_NE","QUXX_NW","QUXX_SE","QUXX_SW","HasDronePlot","Type","PlotID_notype","HasPair","fire_code","Subsampled","Fire","Notes","X","Y","normal_annual_precip","elev","slope_dem","aspect_dem","rad_march","facts.salvage","facts.prep.nyears","facts.release.years.post","facts.thin.years.post","facts.replant.years.post","facts.planting.years.post","facts.released","facts.replanted","facts.planting.first.year"
"E0039I","AG","2018-09-06","2018-08-27","A",142050,109,"IGNEOUS",19,"M","STR",5,"NB",0.5,95,5,0.5,0.5,NA,5,60,80,90,0,0.5,NA,NA,"Y","U","U","L","N",NA,1,0.125,0,1633.25,0.0493604744394679,0.377885486437251,3.91752528053915,52.997745686818,0,57.3425169282339,4.34477124141587,52.997745686818,60.6466318145969,4.59511991994651,56.0515118946504,0.04009466,0.0379102458123389,0.04009466,0.042404941621148,NA,NA,NA,NA,NA,NA,NA,NA,NA,NA,NA,NA,FALSE,"internal","E0039",FALSE,"E",FALSE,"Ctnwd","PIPJ, likely planted, just outside plot. PIPJ A-class seedlings just outside plot",-15915.0444364302,176820.195438411,676.075802521225,1931.56342197363,15.2797355878007,85.2098606249288,6193.16421219171,"yes","0","3, 9, 9","","3, 9, 9","2, 2","YES","YES","2"
"E0043I","AG","2018-09-06","2018-08-28","A",112523,47,"IGNEOUS",9,"R","STR",5,"AG",0.5,90,10,0.5,20,55,10,60,80,35,0,0,NA,NA,"Y","U","U","N","U",NA,0.375,0.5,1495,1475,0.157953518206297,0.188942743218625,1.30584176017972,47.8626510871309,36.3837271399631,85.8991162486987,1.65273802160464,84.246378227094,86.969859537817,1.67333960893856,85.2965199288784,0.04009466,0.0396010282021263,0.04009466,0.0405944449803272,NA,NA,NA,NA,NA,NA,NA,NA,NA,NA,NA,NA,FALSE,"internal","E0043",FALSE,"E",FALSE,"Ctnwd","Some planting near plot, but none in plot",-15768.0283007103,176518.788865669,678.781084214212,2003.76009480844,12.7049105319672,48.3125940067104,5521.55867455911,"yes","0","3, 9, 9","","3, 9, 9","2, 2","YES","YES","2"
"E0045I","AG","2018-09-13","2018-08-28","A",155914,344,"IGNEOUS",20.7,"L","STR",5,"AG",0.5,90,10,0.5,0.5,NA,0.5,NA,100,130,0,20,NA,NA,"Y","Y","U","U","U",NA,0.875,2.75,81,2907.25,0.0592325693273614,0.755770972874501,0,94.3380965241094,1.97129223969031,97.1243923060016,0.815003542201863,96.3093887637997,103.8270480168,0.871247787512036,102.955800229288,0.04009466,0.0375063103651531,0.04009466,0.042861634345382,NA,NA,NA,NA,NA,NA,NA,NA,NA,NA,NA,NA,FALSE,"internal","E0045",FALSE,"E",FALSE,"Ctnwd",NA,-15766.5908963186,176817.684106102,672.653289325285,1903.6727023112,19.5189578216219,7.25888538937576,4204.16879170022,"yes","0","3, 9, 9","","3, 9, 9","2, 2","YES","YES","2"
"E0046I","AG","2018-09-06","2018-08-27","A",133640,120,"IGNEOUS",21.3,"M","STR",5,"CM",0.5,95,5,0.5,0.5,NA,30,60,50,70,0,0.5,NA,NA,"Y","U","U","N","N",NA,1.125,0.5,413,650.25,0.0394883795515743,0,3.91752528053915,21.1001280470555,10.0511567282975,35.1082984354437,3.95701366009073,31.151284775353,37.6823322963187,4.24712988909986,33.4352024072188,0.04009466,0.0373558429950252,0.04009466,0.043034278753385,NA,NA,NA,NA,NA,NA,NA,NA,NA,NA,NA,NA,FALSE,"internal","E0046",FALSE,"E",FALSE,"Ctnwd","Exposed rocky soil w/ sparse grass",-15765.4399271735,176968.797436594,669.692626954633,1900.36988978074,14.6410223812114,110.758509476457,6800.58758297568,"yes","0","3, 9, 9","","3, 9, 9","2, 2","YES","YES","2"
"E0049I","AG","2018-09-06","2018-08-28","A",101834,78,"IGNEOUS",24.5,"M","STR",5,"CM",10,90,0.5,0.5,0.5,NA,5,52,60,75,0,0,NA,NA,"Y","U",NA,"N",NA,NA,0.125,0,0,405,0,0,0.652920880089859,13.1419482646021,0,13.7948691446919,0.652920880089859,13.1419482646021,15.159842057238,0.717526010157461,14.4423160470805,0.04009466,0.0364845877689629,0.04009466,0.0440619411872088,NA,NA,NA,NA,NA,NA,NA,NA,NA,NA,NA,NA,FALSE,"internal","E0049",FALSE,"E",FALSE,"Ctnwd","Rocky but doesn't seem like rocky outcropping (half of plot)",-15614.988344812,176667.387202291,674.216171649795,1944.16743085439,20.3146838157729,60.3806048648293,5259.53970593274,"yes","0","3, 9, 9","","3, 9, 9","2, 2","YES","YES","2"
"E0050I","AG","2018-09-13","2018-08-28","Derek's phone",1558583,215,"IGNEOUS",23,"M","STR",5,"NB",0,99,0.5,0.5,0.5,NA,0.5,NA,90,105,0,10,NA,NA,"Y","Y","U","L","U",4.4,3,2.25,225,377,0.0789767591031486,0,0.652920880089859,12.2333691253209,5.47581177691752,18.4410785414315,0.731897639193007,17.7091809022384,20.0336570440302,0.795104595535761,19.2385524484944,0.04009466,0.0369073291275254,0.04009466,0.043557249969537,NA,NA,NA,NA,NA,NA,NA,NA,NA,NA,NA,NA,TRUE,"internal","E0050",FALSE,"E",TRUE,"Ctnwd","Older release apparent on hillside. Heli salvage",-15614.6961862574,176819.613454421,671.932364264989,1893.95078116454,22.5697108278615,11.8843849608266,3844.99493348824,"yes","0","3, 9, 9","","3, 9, 9","2, 2","YES","YES","2"
"E0051I","AG","2018-09-06","2018-08-27","A",125646,109,"IGNEOUS",20.6,"M","CAV",5,"KD",0.5,95,5,0.5,0.5,NA,20,21,80,90,0,5,NA,NA,"Y","Y","G","L","U",NA,2.25,1,0,181,0.0592325693273614,1.70048468896763,2.61168352035943,5.87331515035302,0,10.2447159290074,4.37140077865442,5.87331515035302,10.9445131830421,4.67000293437897,6.27451024866311,0.04009466,0.037530988825212,0.04009466,0.042833450725276,NA,NA,NA,NA,NA,NA,NA,NA,NA,NA,NA,NA,FALSE,"internal","E0051",FALSE,"E",FALSE,"Ctnwd","Ravine runs through plot, no riparian veg. or evidnce of long term water. Rocky soil. Large diameter salvage across hill, not near ravine",-15612.7005781045,176965.169461484,669.842686578309,1844.86622968014,18.2551030100685,103.488608419241,6560.8460504075,"yes","0","3, 9, 9","","3, 9, 9","2, 2","YES","YES","2"
"E0052I","AG","2018-09-06","2018-08-28","A",95517,119,"IGNEOUS",17.2,"U","STR",5,"AG",0.5,100,0.5,0.5,20,46,90,54,5,55,0,0.5,NA,NA,"Y","Y","U","L","U",NA,0.25,0,529,0,0.0592325693273614,1.13365645931175,1.30584176017972,0,12.8742419110639,15.3729726998827,2.49873078881883,12.8742419110639,16.0926629445773,2.6157096066401,13.4769533379372,0.04009466,0.0383015611346523,0.04009466,0.0419717033168443,NA,NA,NA,NA,NA,NA,NA,NA,NA,NA,NA,NA,FALSE,"internal","E0052",FALSE,"E",FALSE,"Ctnwd","Two stumps in plot. Forbs and grass are all dead",-15466.5213730302,176670.437048294,673.45019994805,1896.92484019031,18.7260978657096,104.850697121348,6702.19910882567,"yes","0","3, 9, 9","","3, 9, 9","2, 2","YES","YES","2"
"E0053I","AG","2018-09-13","2018-08-28","DY'S phone",11834,36,"IGNEOUS",15.7,"M","STR",5,"KW",0.5,99,0.5,0.5,0.5,NA,0.5,NA,90,80,0,10,NA,NA,"Y","Y","U","L","N",NA,4,1.5,0,0,0.266546561973126,0.755770972874501,1.30584176017972,0,0,2.32815929502735,2.32815929502735,0,2.41838501645983,2.41838501645983,0,0.04009466,0.0385987982577759,0.04009466,0.0416484925198868,NA,NA,NA,NA,NA,NA,NA,NA,NA,NA,NA,NA,FALSE,"internal","E0053",FALSE,"E",FALSE,"Ctnwd",NA,-15464.5241652001,176818.215480212,672.09487215771,1881.7525498674,15.7354749731728,18.5423845933178,4744.6033536336,"yes","0","3, 9, 9","","3, 9, 9","2, 2","YES","YES","2"
"E0048I","NB","2018-09-06","2018-08-28","A",105535,76,"GRANITE",25.5,"M","STR",5,"KD",0.5,90,10,0.5,5,60,5,50,50,80,0,0.5,NA,NA,"Y","Y","U","N","U",NA,2.125,1.375,0,1846,0.0394883795515743,0.566828229655876,2.61168352035943,59.9013246826059,0,63.1193248121728,3.21800012956688,59.9013246826059,69.9317016426189,3.56531419840823,66.3663874442107,0.04009466,0.036188850097011,0.04009466,0.0444220182792815,NA,NA,NA,NA,NA,NA,NA,NA,NA,NA,NA,NA,FALSE,"internal","E0048",FALSE,"E",FALSE,"Ctnwd",NA,-15618.7003854976,176521.834274047,676.436549275418,1947.16544394736,26.9710991905646,94.7435698706631,6349.34450100839,"yes","0","3, 9, 9","","3, 9, 9","2, 2","YES","YES","2"
"E0047I","KD","2018-09-06","2018-08-27","A",165114,357,"GRANITE",28.4,"M","STR",5,"CM",0,95,5,0.5,0.5,NA,0.5,NA,95,90,0,0.5,NA,NA,"Y","Y","U","L","N",NA,1.125,2.25,0,5822,0.207313992645765,0.566828229655876,4.57044616062901,188.919562460526,0,194.264150843457,5.34458838293065,188.919562460526,220.842910266295,6.07582226333137,214.767088002964,0.04009466,0.0352692104485722,0.04009466,0.0455803160907074,NA,NA,NA,NA,NA,NA,NA,NA,NA,NA,NA,NA,FALSE,"internal","E0047",FALSE,"E",FALSE,"Ctnwd",NA,-15766.0030492734,177121.025117198,668.832730430072,1851.07554940967,27.1212004112579,341.446917413313,3418.43774962793,"yes","0","3, 9, 9","","3, 9, 9","2, 2","YES","YES","2"
"E0041I","KD","2018-09-06","2018-08-27","A",155551,341,"GRANITE",27.2,"L","STR",5,"KD",0.5,100,0.5,0.5,0.5,NA,0.5,NA,90,65,0,0.5,NA,NA,"Y","Y","G","L","Y",NA,1.75,0.5,145,461,0.315907036412594,0.944713716093126,3.26460440044929,14.9591065431643,3.52885647845796,23.0131881745773,4.52522515295501,18.4879630216223,25.8744822623589,5.08785905999162,20.7866232023673,0.04009466,0.0356608470855477,0.04009466,0.0450797412820602,NA,NA,NA,NA,NA,NA,NA,NA,NA,NA,NA,NA,FALSE,"internal","E0041",FALSE,"E",FALSE,"Ctnwd","TRUE FIR SEEDLING PLANTED~20M FROM PLOT CENTER, SALVAGE, MINIMAL-SCATTERED LARGE DIAMETER SALVAGE. NOT ALL BUT SOME RELEASED",-15912.7500558461,177115.755109825,670.760058594202,1830.08385744506,26.6439810916772,352.177122612243,3250.12510027747,"yes","0","3, 9, 9","","3, 9, 9","2, 2","YES","YES","2"
"E0040I","KD","2018-09-06","2018-08-27","A",151322,325,"GRANITE",20.7,"U","STR",5,"AG",0.5,95,5,0.5,0.5,NA,0.5,NA,95,70,NA,0.5,NA,NA,"Y","Y","C2","L","N",NA,1.5,2.5,145,392.25,0.0789767591031486,0.944713716093126,7.18212968098845,12.7282202636794,3.52885647845796,24.4628968983221,8.20582015618472,16.2570767421374,26.1511069525134,8.77211237203046,17.3789945804829,0.04009466,0.0375063103651531,0.04009466,0.042861634345382,NA,NA,NA,NA,NA,NA,NA,NA,NA,NA,NA,NA,FALSE,"internal","E0040",FALSE,"E",FALSE,"Ctnwd","CUT LOGS AND STUMPS IN PLOT, UNSURE IF PLOT PLANTED, BUT SURROUNDING AREA PLANTED",-15914.7531791237,176969.088146388,672.630952832424,1902.45211884667,25.6643056050529,344.389847194093,3538.03834502501,"yes","0","3, 9, 9","","3, 9, 9","2, 2","YES","YES","2"
"E0038I","KD","2018-09-13","2018-08-28","A",145529,352,"IGNEOUS",25.7,"M","STR",5,"NB",0.5,90,10,0.5,0.5,NA,0.5,NA,100,135,0,0.5,NA,NA,"Y","Y","G","L","N",NA,3.5,8.25,729,1167,0.167825613094191,0.377885486437251,0,37.8682805550385,17.7416301572128,56.1556218117827,0.545711099531441,55.6099107122513,62.3205569368413,0.605620925424061,61.7149360114172,0.04009466,0.036128376803722,0.04009466,0.0444963738406865,NA,NA,NA,NA,NA,NA,NA,NA,NA,NA,NA,NA,FALSE,"internal","E0038",FALSE,"E",FALSE,"Ctnwd","HELI SALVAGE.",-15917.0520010138,176671.305977291,679.675115917,1955.17742626273,17.198672453049,164.675304011107,4558.09610172749,"yes","0","3, 9, 9","","3, 9, 9","2, 2","YES","YES","2"
"E0032I","KD","2018-09-13","2018-08-28","A",140807,329,"IGNEOUS",12.9,"U","STR",5,"KD",0.5,100,0.5,0.5,20,60,5,70,60,65,0,0.5,NA,NA,"Y","Y","C3","L","U",NA,0.875,0.375,0,81,0.0888488539910421,0.377885486437251,3.91752528053915,2.62838965292041,0,7.01264927388786,4.38425962096745,2.62838965292041,7.19422286779316,4.497778170791,2.69644469700216,0.04009466,0.039082718662291,0.04009466,0.0411328028228158,NA,NA,NA,NA,NA,NA,NA,NA,NA,NA,NA,NA,FALSE,"internal","E0032",FALSE,"E",FALSE,"Ctnwd","HELI SALVAGE.",-16066.3707127314,176671.599469638,683.679763187656,1971.37894012396,15.7359830470874,318.543991804679,4712.49320610985,"yes","0","3, 9, 9","","3, 9, 9","2, 2","YES","YES","2"
"E0044I","KD","2018-09-13","2018-08-28","A",115442,341,"IGNEOUS",19.9,"M","STR",5,"CM",0.5,95,5,0.5,0.5,NA,0.5,NA,90,60,0,0.5,NA,NA,"Y","Y","G","L","Y",NA,0.875,2,313,64,0.177697707982084,0,0.652920880089859,2.07675231835687,7.61746260522304,10.5248335116519,0.830618588071943,9.69421492357991,11.1932004768739,0.883366028148029,10.3098344487258,0.04009466,0.0377005327545196,0.04009466,0.0426408234330026,NA,NA,NA,NA,NA,NA,NA,NA,NA,NA,NA,NA,FALSE,"internal","E0044",FALSE,"E",FALSE,"Ctnwd","ROTTING SNAG ADJACENT TO N TRANSECT. SOME LOOK VERY RELEASED, OTHERS DON’T",-15766.0255894985,176666.567335709,675.71508181646,1969.26495637529,20.5340148387238,326.71707947819,4060.78716771902,"yes","0","3, 9, 9","","3, 9, 9","2, 2","YES","YES","2"
"E0072T","AG","2018-09-13","2018-09-05","A",93930,232,"IGNEOUS",16.5,"M","STR",5,"KD",0.5,100,0.5,0.5,0.5,NA,0.5,NA,80,75,0,0.5,168,NA,"Y","Y","G","L","U",NA,1.375,0.75,0,196,0.0493604744394679,0.755770972874501,0,6.36005397496791,0,7.16518542228188,0.805131447313969,6.36005397496791,7.47292234579095,0.839710967593558,6.6332113781974,0.04009466,0.0384435512708304,0.04009466,0.0418166820539126,NA,NA,NA,NA,NA,NA,NA,NA,NA,NA,NA,NA,FALSE,"treatment","E0072",TRUE,"E",FALSE,"Ctnwd","Vague grid. Large diameter salvage, possibly also prefire - salvage road - old possibily running through plot, skid salvage nearby as well",-10952.6016270417,176047.533592762,847.49384866848,2248.11771254392,19.434813464812,252.318287683991,6917.88637993361,"yes","0","","","","3","no","no","3"
"E0078T","AG","2018-09-13","2018-09-04","A",102551,248,"IGNEOUS",20.6,"M","STR",5,"AG",0.5,95,5,0.5,0.5,NA,0.5,NA,80,80,0,0.5,365,NA,"Y","Y","U","L","U",NA,2.25,0.25,676,64,0.108593043766829,1.13365645931175,2.61168352035943,2.07675231835687,16.4517722719833,22.3824576137782,3.85393302343802,18.5285245903402,23.9113611466052,4.11718793120944,19.7941732153958,0.04009466,0.037530988825212,0.04009466,0.042833450725276,NA,NA,NA,NA,NA,NA,NA,NA,NA,NA,NA,NA,FALSE,"treatment","E0078",TRUE,"E",FALSE,"Ctnwd","Low salvage loggin in plot, unclear if heli or road. CADE seedling just outside plot",-10749.180157203,176065.040670429,863.799691870181,2311.65811601141,20.4267433748749,253.44228961587,6907.34420746976,"yes","0","","","","3","no","no","3"
"E0087T","AG","2018-09-13","2018-09-04","A",112136,267,"IGNEOUS",20.1,"M","STR",5,"NB",0.5,99,0.5,0.5,0.5,NA,0.5,NA,95,55,0,0.5,NA,NA,"Y","Y","G","L","U",NA,5,0.5,900,693.25,0.148081423318404,0.188942743218625,1.30584176017972,22.4954460109515,21.9032471076701,46.0415590453384,1.64286592671675,44.3986931186216,49.0276230981499,1.74941537875696,47.278207719393,0.04009466,0.0376526647456917,0.04009466,0.042695032911304,NA,NA,NA,NA,NA,NA,NA,NA,NA,NA,NA,NA,FALSE,"treatment","E0087",TRUE,"E",FALSE,"Ctnwd","Salvage, unsure if heli",-10574.0907932749,176074.8115712,877.979928157414,2366.05292120059,17.6936851026124,255.340311828632,6827.35952507328,"yes","0","","","","3","no","no","3"
"E0090T","AG","2018-09-13","2018-09-04","A",115216,298,"IGNEOUS",21.5,"M","STR",5,"CM",0.5,100,0.5,0.5,0.5,NA,5,30,80,65,0,0.5,117,NA,"Y","Y","G","L","U",NA,0.75,0.75,0,202,0.128337233542616,0.944713716093126,2.61168352035943,6.55474950481386,0,10.239483974809,3.68473446999518,6.55474950481386,11.005256486093,3.96030190830013,7.04495457779286,0.04009466,0.0373047760462662,0.04009466,0.0430931888861052,NA,NA,NA,NA,NA,NA,NA,NA,NA,NA,NA,NA,FALSE,"treatment","E0090",TRUE,"E",FALSE,"Ctnwd","Salvage",-10549.0901487621,176161.448579669,879.024933796218,2375.94984653949,17.7374437162051,282.319848713604,6034.02535378885,"yes","0","","","","3","no","no","3"
"E0068T","AG","2018-09-13","2018-08-29","A",142443,243,"IGNEOUS",19.2,"M","STR",5,"CM",0.5,90,10,0.5,0.5,NA,5,50,95,80,0,0.5,56,NA,"Y","Y","U","N","U",NA,0.75,0.75,144,5409,0.0197441897757871,0,0,175.51802015613,3.50451953722721,179.042283883133,0.0197441897757871,179.022539693357,189.58784815646,0.0209071196591059,189.566941036801,0.04009466,0.0378644494767059,0.04009466,0.0424562295961699,NA,NA,NA,NA,NA,NA,NA,NA,NA,NA,NA,NA,FALSE,"treatment","E0068",TRUE,"E",FALSE,"Ctnwd","Pre and post fire harvest nearby plot",-11043.9466932883,175139.84758669,848.91975142035,2356.18097393576,19.5485408204233,264.109242714274,6576.93862445997,"yes","0","","","","2","no","no","2"
"E0069T","AG","2018-09-13","2018-08-29","A",134858,265,"UNKNOWN",14.3,"M","STR",5,"AG",0,95,5,0.5,0.5,NA,0.5,NA,100,84,0,0.5,78,NA,"Y","Y","G","L","U",NA,2.25,1,1089,269,0.207313992645765,0,0.652920880089859,8.72884958809371,26.5029290002808,36.0920134611101,0.860234872735624,35.2317785883745,37.2460552407233,0.887740874430065,36.3583143662932,0.04009466,0.0388523562854098,0.04009466,0.0413766863637894,NA,NA,NA,NA,NA,NA,NA,NA,NA,NA,NA,NA,FALSE,"treatment","E0069",TRUE,"E",FALSE,"Ctnwd","Pre and post fire harvest in plot",-11017.2230896235,175225.370079505,850.130215390273,2367.47374860464,17.6606513351206,268.915800651227,6434.47570504505,"yes","0","","","","2","no","no","2"
"B1003T","CM","2018-08-13","2018-07-12","A",92725,88,"GRANITE",16.8,"M","STR",5,"CM",0,95,5,0.5,20,25,20,45,20,80,0,30,102,NA,"Y","Y","U","N","U",NA,2,0.125,289,121,0.325779131300488,1.70048468896763,1.95876264026958,3.92635985189345,7.03337601568517,14.9447623281163,3.98502646053769,10.9597358675786,15.611049776635,4.1626922577164,11.4483575189186,0.04009466,0.0383833997649191,0.04009466,0.0418822139352249,3.64298408420164,2.73,3.14,8.42835199048864,NA,12.92,NA,NA,3.64298408420164,2.73,3.14,8.42835199048864,FALSE,"treatment","B1003",TRUE,"B",FALSE,"AmRiv","Plot moved due to low fire severity (mature oak stand); 2 Cade seedlings <25 off transect",-26305.5812679472,52008.3136383733,1142.78946251268,1091.17701959941,24.1344498955864,123.076401631773,7088.99195518416,"yes","0","3","","","3","YES","no","3"
"B1002T","NB","2018-07-23","2018-07-12","A",142249,105,"GRANITE",16.3,"M","STR",4,"KD",0,95,5,0.5,0.5,NA,5,40,60,70,10,30,NA,49.6,"N","Y","C2","L","Y",NA,2.125,0.375,0,729,0.0197441897757871,1.13365645931175,5.87628792080873,23.6555068762837,0,30.68519544618,7.02968856989627,23.6555068762837,31.97022948585,7.32407773604774,24.6461517498022,0.04009466,0.0384830668479459,0.04009466,0.0417737434198649,2.57,4.25270352763566,2.12229061556159,3.54,25.1,NA,9.9,15.2,2.57,4.25270352763566,2.12229061556159,3.54,FALSE,"treatment","B1002",TRUE,"B",FALSE,"AmRiv","Two QUKE seedlings in plot, off transect. Plot near reservoir flume (not representative of broader area). Prefire harvest evidence, possibly hazard tree removal for flume.",-26332.2939945088,52101.7740570963,1143.84002526284,1120.50643642661,21.668984673962,110.841036300319,6880.35814308854,"yes","0","3","","","3","YES","no","3"
"B1004T","NB","2018-07-05","2018-06-13","A",115208,120,"GRANITE",12.1,"M","STR",5,"KD",0.5,95,5,0.5,40,70,0.5,90,20,300,10,20,62.4,NA,"N","Y","G","L","N",NA,2.25,2.375,576,361,0.187569802869978,2.45625566184213,6.01470714738778,11.7141810457317,14.0180781489089,34.3907918067405,8.65853261209989,25.7322591946406,35.1722043433138,8.85526800480165,26.3169363385121,0.04009466,0.0392038864315358,0.04009466,0.0410056733360612,2.23,8.25513355937723,9.10196716051596,7.43,NA,NA,NA,NA,2.23,8.25513355937723,9.10196716051596,7.43,FALSE,"treatment","B1004",TRUE,"B",FALSE,"AmRiv","Helicopter logging. ~4m diameter slash pile in NW quadrant.",-26273.3870517779,52268.3280749763,1145.86803215783,1118.48087205832,22.281732812092,135.59097533442,7548.21114121329,"yes","0","3","","","3","YES","no","3"
"B1025T","NB","2018-07-05","2018-06-13","A",160158,25,"GRANITE",7.9,"M","STR",5,"NB",0.5,95,5,0.5,30,35,10,60,60,NA,0,5,21.5,NA,"Y","Y","G","N","N",NA,1.875,1.25,400,494,0.108593043766829,1.32259920253038,3.00735357369389,16.0299319573171,9.73477649229782,30.203254269606,4.4385458199911,25.7647084496149,30.4926458459684,4.48107361385523,26.0115722321131,0.04009466,0.0397141401553225,0.04009466,0.0404788257841748,NA,NA,NA,NA,NA,NA,NA,NA,NA,NA,NA,NA,FALSE,"treatment","B1025",TRUE,"B",FALSE,"AmRiv","Roadside hazard felling adjacent to plot, but not within plot",-21973.1297023862,54740.2100011823,1256.87130421308,1735.06081693491,6.72327857552676,119.087196039095,6795.37557187633,"no","0","3","","","3","YES","no","3"
"B1022T","NB","2018-07-05","2018-06-12","Derek's phone",164953,160,"GRANITE",24,"M","STR",5,"NB",5,75,20,0.5,0.5,35,0.5,30,95,32,5,0,68,NA,"Y","U",NA,"N",NA,NA,2.25,2,1177,200,0.177697707982084,6.04616778299601,18.0441214421633,6.48985099486521,28.6445798285863,59.402417756593,24.2679869331414,35.1344308234515,65.0240415073384,26.5646189033273,38.4594226040111,0.04009466,0.0366282945187245,0.04009466,0.0438890694103653,NA,NA,NA,NA,11,13,20.5,NA,11,13,20.5,NA,FALSE,"treatment","B1022",TRUE,"B",FALSE,"AmRiv","Plot moved once due to stream. Large diameter salvage within 30m of PC",-22695.7988508082,54207.482679348,1220.13754937532,1634.99217904203,22.2200055988725,184.683158703557,8014.42567113307,"no","0","3","","","3","YES","no","3"
"B1023T","NB","2018-07-05","2018-06-14","A",141928,241,"GRANITE",11,"L","STR",5,"NB",0.5,95,5,0.5,40,60,0,NA,60,NA,0,20,77.5,NA,"N","U","U","N",NA,NA,5.875,4.5,3101,827,0.473860554618891,2.2673129186235,10.5257375079286,26.8355338637677,75.4688547565388,115.571299601477,13.266910981171,102.304388620306,117.734412361696,13.5152237070036,104.219188654692,0.04009466,0.0393580081670917,0.04009466,0.040845099520553,NA,8.18,NA,8.65,8.6,NA,8.1,NA,8.6,8.18,8.1,8.65,FALSE,"treatment","B1023",TRUE,"B",FALSE,"AmRiv","Unsure of species of nearest oak. Flowing stream NW of plot - plot is mesic.Riparian vegetation begins 15m away from PC.",-22023.7028990492,54066.7123515462,1229.18231977134,1588.50435417703,24.6986880511603,260.096548023559,6679.22299711601,"no","0","3","","","3","YES","no","3"
"B1024T","NB","2018-07-05","2018-06-14","A",162035,238,"GRANITE",23,"M","STR",5,"NB",0.5,95,5,0.5,0.5,10,10,30,20,NA,0,10,43.9,NA,"Y","U","U","N","N",NA,1,1,0,2034,0.286290751748913,1.32259920253038,0,66.0017846177792,0,67.6106745720585,1.60888995427929,66.0017846177792,73.4495579447282,1.74783429793444,71.7017236467937,0.04009466,0.0369073291275254,0.04009466,0.043557249969537,NA,7.26,3.63,3.88,NA,NA,5.29,10.64,NA,7.26,3.63,3.88,FALSE,"treatment","B1024",TRUE,"B",FALSE,"AmRiv","See tree data for nearest pre-fire oaks.",-21986.4652180935,53984.3543394771,1226.83617217108,1594.90684400804,19.6282585439588,229.876975434246,7468.06002205359,"no","0","3","","","3","YES","no","3"
"B1026T","NB","2018-07-05","2018-06-12","Derek's phone",131912,253,"GRANITE",17,"L","STR",5,"KD",0.5,95,0.5,0.5,0.5,50,0.5,32,95,NA,0,5,89,NA,"N","Y","G","Y","N",NA,3.5,1.875,2500,144,0.177697707982084,2.2673129186235,10.5257375079286,4.67269271630295,60.8423530768614,78.4857939276985,12.9707481345342,65.5150457931643,82.0719477115434,13.5634043997535,68.5085433117899,0.04009466,0.0383427140467209,0.04009466,0.041926655441155,NA,NA,NA,NA,NA,NA,NA,NA,NA,NA,NA,NA,FALSE,"treatment","B1026",TRUE,"B",FALSE,"AmRiv","Unsure if H or L logged",-21916.7814752302,54310.981001806,1242.08683699304,1669.55115407528,17.6379744049043,257.270899423502,6779.49507747573,"no","0","3","","","3","YES","no","3"
"B1009T","CM","2018-08-16","2018-08-14","A",82102,289,"UNKNOWN",17.8,"M","STR",5,"NB",0,90,10,0.5,0,NA,10,28,95,300,0,20,57,NA,"Y","N",NA,"L",NA,NA,1.875,1.875,710,1433,0.493604744394678,1.511541945749,3.91752528053915,46.4997823782093,17.2792282738286,69.7016826227207,5.92267197068283,63.7790106520379,73.2061032397912,6.22044862371647,66.9856546160747,0.04009466,0.0381753042780025,0.04009466,0.0421105159714975,1.1,8.3,1.5,1.6,NA,13,7,NA,1.1,8.3,1.5,1.6,FALSE,"treatment","B1009",TRUE,"B",TRUE,"AmRiv","Low salvage logging in and around plot;some distances estimated using tape due to density; dense shrub and HW, likely Quke's 20m away in NE and SW but impossible to see",-25459.8250407392,52197.9722796213,1144.42915960888,1105.04496601585,22.0121566253527,314.809984161999,4759.68592899063,"yes","0","3","","","3","YES","no","3"
"B1014T","CM","2018-08-16","2018-08-14","A",134508,353,"GRANITE",28.9,"M","STR",5,"AG",0,95,5,0.5,10,60,0.5,NA,100,350,0,0.5,141,NA,"Y","N",NA,"H",NA,NA,0.625,1.5,0,845,1.85595383892399,1.511541945749,6.52920880089859,27.4196204533055,0,37.3163250388771,9.89670458557158,27.4196204533055,42.6245997273586,11.3045180933657,31.3200816339929,0.04009466,0.0351014525521265,0.04009466,0.0457981548805794,6,NA,6,9.75,NA,NA,NA,NA,6,NA,6,9.75,FALSE,"treatment","B1014",TRUE,"B",FALSE,"AmRiv","Salvage high, but not total (large diameter salvage); Pipj seedling at edge outside plot ~ 5 bud scars; Psme ""; rodent nest in plot--runs partially through N transect; plot and surrounding area contains mesic vegetation including big leaf maple and forbs, no riparian visible; ferns in NE quadrants; visibility low",-25386.4528376263,52257.773409714,1145.06822382426,1108.93500780155,24.6346295751835,328.360839950006,4135.69900444882,"yes","0","3","","","3","YES","no","3"
"B1021T","NB","2018-08-13","2018-07-10","A",172142,330,"GRANITE",18.6,"M","STR",5,"KD",0.5,80,20,0.5,0,NA,5,40,90,300,0,20,168,NA,"N","N",NA,"L",NA,NA,1.25,0.5,1600,750,0.612069883049402,4.53462583724701,6.52920880089859,24.3369412307446,38.9391059691913,74.9519517211308,11.675904521195,63.2760471999358,79.0825595467703,12.3193645176219,66.7631950291484,0.04009466,0.0380004521580749,0.04009466,0.0423042797972075,1.60157875078587,3.25512217246761,4.2,4.37762179708878,13,NA,NA,5,1.60157875078587,3.25512217246761,4.2,4.37762179708878,FALSE,"treatment","B1021",TRUE,"B",FALSE,"AmRiv","Many estimates used for stem map distances due to shrub density. Transect tape used as reference. Plot moved due to road. Road within 20m of PC. CADE A class seedling in plot, off transect.",-25026.3641463685,52052.1383551434,1144.43135348697,1226.4666699627,23.0363363259653,320.408985169606,4520.7450341906,"yes","0","3","","","3","YES","no","3"
"B1018T","CM","2018-08-13","2018-07-11","A",101439,316,"GRANITE",23.5,"M","STR",5,"CM",5,95,0.5,0.5,0.5,NA,0.5,NA,95,60,0,10,232,NA,"Y","Y","C3","L","U",NA,4.75,3.375,0,0,0.345523321076275,0.944713716093126,3.26460440044929,0,0,4.5548414376187,4.5548414376187,0,4.96678632604593,4.96678632604593,0,0.04009466,0.0367692118820463,0.04009466,0.043720865317229,3.05398976255816,2.17689998277405,4.03047130599419,2.09405195696421,12.7,16.6,11.52,26.7,3.05398976255816,2.17689998277405,4.03047130599419,2.09405195696421,FALSE,"treatment","B1018",TRUE,"B",FALSE,"AmRiv","Recently dead Pipj seedlings look like part of planting unit; scattered salvage evidence; rodent nest",-25244.7207574487,53589.0462871259,1174.84171430146,1309.57321883757,22.6666922806233,141.163307571257,7575.879094663,"no","0","3","","","3","YES","no","3"
"B1019T","CM","2018-08-16","2018-08-14","A",165314,99,"GRANITE",27.3,"M","STR",5,"NB",0.5,90,10,0.5,0.5,NA,0.5,NA,40,180,0,40,268,NA,"Y","N",NA,"N",NA,NA,1,0.5,5929,1016,0.434372175067317,3.58991212115388,11.7525758416175,32.9684430539153,144.293724557084,193.039027748838,15.7768601378387,177.262167611,217.235296205195,17.7543936332426,199.480902571952,0.04009466,0.0356288058134411,0.04009466,0.0451202818565739,1.6,5,2,1.42,11.3,20.3,22.7,22,1.6,5,2,1.42,FALSE,"treatment","B1019",TRUE,"B",TRUE,"AmRiv",NA,-25196.7272903591,53329.8951454633,1166.49634463784,1216.72056508626,24.1533102562067,108.32795919154,6395.50301407564,"no","0","3","","","3","YES","no","3"
"B1015T","AG","2018-08-13","2018-07-11","A",143335,120,"GRANITE",18.8,"M","STR",5,"NB",0.5,90,10,0.5,0.5,NA,0.5,NA,80,50,0,20,NA,NA,"N","Y","C3","N","U",NA,3,2,6001,861,0.177697707982084,0.188942743218625,4.57044616062901,27.9388085328947,146.045984325698,178.921879470422,4.93708661182972,173.984792858593,189.005460637613,5.21532823173213,183.790132405881,0.04009466,0.0379555802235904,0.04009466,0.042354292861434,8.31573648336081,3.1497856869457,NA,2.60200753544209,3.38,3.48499709569576,5.5095305429883,1.65577960685285,3.38,3.1497856869457,5.5095305429883,1.65577960685285,FALSE,"treatment","B1015",TRUE,"B",FALSE,"AmRiv","PC 14m from road. Veg within plot not influenced by road/bank. Roadside hazard ree removal.",-25342.7313645996,53444.8374578962,1169.84222435966,1302.84748433367,24.4103497927297,115.430678570349,6893.12195199454,"no","0","3","","","3","YES","no","3"
"B1007T","NB","2018-08-16","2018-08-15","A",124213,107,"GRANITE",17.8,"M","STR",5,"AG",5,95,0.5,0.5,0.5,NA,30,38,60,140,0,10,NA,28,"Y","U",NA,"L",NA,NA,0.375,0,0,162,0.463988459730998,3.21202663471663,4.57044616062901,5.25677930584082,0,13.5032405609175,8.24646125507664,5.25677930584082,14.1821486279591,8.66107203279039,5.52107659516871,0.04009466,0.0381753042780025,0.04009466,0.0421105159714975,11,8.16,4.13,6.00136463332419,26.3,14.6,7.16,NA,11,8.16,4.13,6.00136463332419,FALSE,"treatment","B1007",TRUE,"B",FALSE,"AmRiv","Rodent nest near N transect. Plot moved due to rocky outcropping. Possible planting 20m from PC - dense regen of uniform age and spacing.",-25661.8289515348,53643.6889113123,1176.50953991973,1447.16422138579,19.0544869335599,150.444787919605,7730.63759210326,"no","0","3","","","3","YES","no","3"
"B1008T","NB","2018-08-16","2018-08-15","A",152832,139,"GRANITE",28.4,"M","STR",5,"CM",0.5,70,30,0.5,0.5,NA,5,40,50,25,0,30,NA,NA,"Y","N",NA,"N",NA,NA,1.375,1.1875,1474.5,289.5,0.459052412287051,4.34568309402838,8.81443188121309,9.39405931506739,35.8848198447328,58.8980465473288,13.6191673875285,45.2788791598002,66.9563372965986,15.4825095016594,51.4738277949392,0.04009466,0.0352692104485722,0.04009466,0.0455803160907074,9.72,3.13956681646855,5.97423940794053,2.36,15.8,11.4,10,16.4,9.72,3.13956681646855,5.97423940794053,2.36,FALSE,"treatment","B1008",TRUE,"B",FALSE,"AmRiv","SE quadrant contains high concentration of fine fuels from single fallen oak, partially captured by fuel transects. Potential dry drainage running N-S in plot, no difference in vegetation.",-25542.0922356462,53770.0409784708,1180.39205657464,1438.23851490699,21.9211364653677,134.671712280995,7569.5315450266,"no","0","3","","","3","YES","no","3"
"B1017T","NB","2018-08-13","2018-07-10","A",165842,120,"GRANITE",21.9,"M","STR",5,"KD",0.5,80,20,0.5,0.5,NA,5,35,40,45,0,40,NA,NA,"Y","Y","G","N","U",NA,2,0.25,424,1610,0.0296162846636807,3.023083891498,5.22336704071887,52.243300508665,10.3188630818357,70.8382308073812,8.27606721688056,62.5621635905006,76.3477720445901,8.91974977492329,67.4280222696669,0.04009466,0.0372012791357509,0.04009466,0.043213077557075,2.91187871843905,3.53,4,1.7,3.18,18.8,4.6,7.8,2.91187871843905,3.53,4,1.7,FALSE,"treatment","B1017",TRUE,"B",TRUE,"AmRiv",NA,-25304.182022199,53800.4336267863,1181.5296848655,1387.58698518375,23.1626880870696,128.262468211211,7449.16264937126,"no","0","3","","","3","YES","no","3"
"B1016T","KD","2018-08-13","2018-07-11","A",81424,4,"GRANITE",22.4,"M","STR",4,"CM, KD, NB, AG",0.5,95,5,0.5,0.5,NA,10,32,80,300,5,20,370,NA,"Y","Y","U","N","U",NA,3.375,1.75,445,778,0.700918737040443,2.64519840506075,3.91752528053915,25.2455203700257,10.8299388476813,43.3391016403474,7.26364242264035,36.075459217707,46.8760884420392,7.85644214410874,39.0196462979305,0.04009466,0.0370693588720343,0.04009466,0.0433668617270958,2.41,2.9,2.7,2.5,NA,NA,NA,NA,2.41,2.9,2.7,2.5,FALSE,"treatment","B1016",TRUE,"B",TRUE,"AmRiv","SLOPE/ASPECT SHOT FROM PLOT CENTER DOWN BECAUSE OF THICK SHRUB. QUCH SUBSAMPLE ALONG N/S TRANSECT IS REPRESENTATIVE. PLANTING EVIDENCE OUTSIDE PLOT. DISTANCE ESTIMATES FOR SOME TREES (ALL TREES WITH NO DECIMAL PLACES, NO TREES WITH TWO DECIMAL PLACES, SOME WITH 1 DECIMAL).",-25338.3433503251,53171.3684238209,1160.97350318179,1204.26197918393,24.2861017865635,159.539082262391,7781.14749878235,"no","0","3","","","3","YES","no","3"
"B1020T","KD","2018-08-13","2018-07-10","A",142638,132,"GRANITE",19.4,"M","STR",5,"CM",5,90,5,0.5,0.5,NA,0.5,NA,95,45,0,20,404,NA,"N","Y","U","N","U",NA,2.75,0.375,4225,729,0.177697707982084,0.755770972874501,3.26460440044929,23.6555068762837,102.823576699896,130.677156657485,4.19807308130588,126.479083576179,138.543275605604,4.45077633147686,134.092499274128,0.04009466,0.0378181917747054,0.04009466,0.0425081603608248,5.85,2.28,10.4021777743119,7.05012675083975,16,NA,27,12.7,5.85,2.28,10.4021777743119,7.05012675083975,FALSE,"treatment","B1020",TRUE,"B",FALSE,"AmRiv","OLD ROAD ~ 20M WEST OF PC, PLANTING EVIDENCE NEARBY",-25120.5698024412,53736.5115035227,1180.10755689084,1323.74406663888,16.6419890538103,135.975811666467,7260.34375705211,"no","0","3","","","3","YES","no","3"
"A4177T","AG","2018-07-23","2018-07-22","A",163325,234,"GRANITE",15.5,"M","STR",5,"AG",0.5,95,5,0.5,0.5,NA,10,30,70,90,0,0.5,64,NA,"Y","N",NA,"L",NA,NA,1,0.375,373.25,1681.8125,0.0296162846636807,2.07837017540488,2.61168352035943,54.5735626315087,9.0837633143754,68.3769959263121,4.71966998042799,63.6573259458841,70.9576951399114,4.89780077488502,66.0598943650264,0.04009466,0.0386364353870457,0.04009466,0.0416079212383709,NA,NA,NA,NA,NA,NA,NA,NA,NA,NA,NA,NA,FALSE,"treatment","A4177",TRUE,"A",FALSE,"MoonAnt","Prefire harvest, large diameter stumps. Two A class pine seedlings in plot",-55650.0394670548,238113.300974792,691.607358657185,1739.68352880393,16.7958376663882,221.958787897144,7397.14403508983,"yes","0","","","","3","no","no","3"
"A4205I","KD","2018-07-23","2018-07-21","A",154718,92,"GRANITE",13.7,"M","STR",5,"NB",5,90,5,0.5,0.5,NA,10,35,70,155,NA,0.5,169,NA,"Y","Y","C2","L","N",NA,1.25,1.375,81,834,0.128337233542616,1.511541945749,8.48797144116816,27.0626786485879,1.97129223969031,39.161821508738,10.1278506204598,29.0339708882782,40.3086377236726,10.4244349688509,29.8842027548217,0.04009466,0.0389539316396048,0.04009466,0.0412687934914677,NA,NA,NA,NA,NA,NA,NA,NA,NA,NA,NA,NA,FALSE,"internal","A4205",FALSE,"A",FALSE,"MoonAnt","SOIL DISTURBED FROM SALVAGE OP.",-53775.0862302424,238419.387524669,628.350597476068,1600.79937496222,12.9428791492177,46.3518587442282,5378.79797694539,"yes","0","","","","3","no","no","3"
"A4203I","KD","2018-07-23","2018-07-21","A",162206,41,"GRANITE",20,"M","STR",5,"CM",0.5,90,10,0.5,0.5,NA,5,30,80,90,0,0,NA,NA,"Y","N",NA,"L",NA,NA,1.375,0.375,784,909,0.069104664215255,2.07837017540488,2.61168352035943,29.4963727716624,19.0801619249037,53.3356930565457,4.75915835997957,48.5765346965661,56.7586590303737,5.06459054238317,51.6940684879906,0.04009466,0.0376766561349199,0.04009466,0.0426678459669791,NA,NA,NA,NA,NA,NA,NA,NA,NA,NA,NA,NA,FALSE,"internal","A4203",FALSE,"A",FALSE,"MoonAnt",NA,-53771.9735092918,238119.458875677,629.434095947358,1586.11295138483,11.7022991981964,107.649876260373,6549.4787071398,"yes","0","","","","3","no","no","3"
"A4204I","KD","2018-07-23","2018-07-21","A",164659,73,"GRANITE",18.8,"M","STR",5,"AG",0.5,80,20,0.5,5,55,20,30,80,110,0,0,401,NA,"Y","N",NA,"L",NA,NA,5.375,1,0,821,0.128337233542616,0.188942743218625,3.91752528053915,26.6408383339217,0,30.8756435912221,4.23480525730039,26.6408383339217,32.6157161813538,4.47346808973667,28.1422480916171,0.04009466,0.0379555802235904,0.04009466,0.042354292861434,NA,NA,NA,NA,NA,59,NA,NA,NA,59,NA,NA,FALSE,"internal","A4204",FALSE,"A",FALSE,"MoonAnt","POSSIBLE PRE-FIRE HARVEST AS WELL AS SALVAGE",-53741.1891501285,238265.875648838,628.040452071616,1596.02343406988,17.6582405273333,105.517595180131,6575.53061744391,"yes","0","","","","3","no","no","3"
"A4247T","NB","2018-07-23","2018-07-21","A",103658,330,"GRANITE",9.8,"M","STR",4,"NB",0,90,10,0.5,0.5,NA,0.5,NA,90,160,0.5,0.5,72,NA,"Y","Y","C","N","N",NA,2,1,425,225,0.0888488539910421,1.13365645931175,2.61168352035943,7.30108236922336,10.3432000230664,21.478471225952,3.83418883366223,17.6442823922898,21.796528380792,3.89096620756026,17.9055621732318,0.04009466,0.0395095946510101,0.04009466,0.040688389104354,NA,NA,NA,NA,NA,NA,NA,NA,NA,NA,NA,NA,FALSE,"treatment","A4247",TRUE,"A",FALSE,"MoonAnt","PIPJ seedling <25cm in plot, off transect. Planting either C2 or C3.",-52648.4440642369,233433.41868167,636.670493103596,1638.89871462884,19.8253592460332,338.731887337754,4227.69821637377,"no","0","","","","1","no","no","1"
"A4248T","NB","2018-07-23","2018-07-21","A",94149,90,"GRANITE",28,"M","STR",5,"KD",30,65,5,0.5,0.5,NA,10,30,60,125,0,0.5,92,NA,"Y","Y","C2","N","N",NA,1.375,0.375,872,145,0.108593043766829,3.40096937793525,7.18212968098845,4.70514197127728,21.2218127532092,36.6186468271771,10.6916921026905,25.9269547244865,41.4731826932199,12.1090902666958,29.3640924265241,0.04009466,0.0354014835334971,0.04009466,0.0454100111085598,NA,NA,NA,NA,NA,NA,NA,NA,NA,NA,NA,NA,FALSE,"treatment","A4248",TRUE,"A",FALSE,"MoonAnt","Dead planted PIPJ near plot",-52562.1584521229,233466.180990051,636.91340892531,1650.07181390998,20.4000411704572,310.559809930796,4873.32939273085,"no","0","","","","1","no","no","1"
"A1147T","AG","2018-07-05","2018-06-07","A",105149,0,NA,0,"L","STR",NA,NA,0,100,0.5,0.5,0.5,30,50,30,70,NA,0,0.5,74.3,NA,NA,"Y",NA,NA,NA,NA,3.25,2,0,1266,0.246802372197339,0.944713716093126,1.50367678684694,41.0807567974968,0,43.7759496726342,2.69519287513741,41.0807567974968,43.7759496726342,2.69519287513741,41.0807567974968,0.04009466,0.04009466,0.04009466,0.04009466,NA,NA,NA,NA,NA,NA,NA,NA,NA,NA,NA,NA,FALSE,"treatment","A1147",TRUE,"A",FALSE,"MoonAnt","Near (uphill from) a seed drainage. Willow on outer edges of plot",-53194.5001307797,232040.707370255,642.304736880337,1670.38098357756,8.72907255040856,255.551536880277,6490.77242038171,"no","0","","","","1","no","no","1"
"A1157T","AG","2018-07-05","2018-06-08","A",105241,59,NA,11,"U","STR",4,"DY",0.5,90,5,0.5,0.5,22,0.5,28,60,NA,5,0.5,42,NA,NA,"Y","G","N","Y",NA,3.125,0.5,0,1484,0.236930277309446,4.15674035080976,16.5404446553164,48.1546943818999,0,69.0888096653355,20.9341152834356,48.1546943818999,70.3819238406604,21.3259327333529,49.0559911073075,0.04009466,0.0393580081670917,0.04009466,0.040845099520553,NA,NA,NA,NA,NA,NA,NA,NA,NA,NA,NA,NA,FALSE,"treatment","A1157",TRUE,"A",FALSE,"MoonAnt","Caterpillar eating pines, picture # A 092019, A 091950",-52311.7266872311,232527.034259673,659.085891685506,1799.64352942919,10.3899540219381,69.8373898126093,5811.2952150797,"no","0","","","","1","no","no","1"
"A2039T","KD","2018-07-05","2018-06-26","A",101237,323,"GRANITE",21.4,"M","VEX",5,"NB",10,90,0.5,0.5,0.5,NA,0.5,NA,90,135,0,0.5,85,NA,"Y","U",NA,"N","U",NA,1.75,0.875,0,121,0.0493604744394679,2.83414114827938,1.30584176017972,3.92635985189345,0,8.11570323479202,4.18934338289856,3.92635985189345,8.71666670947504,4.4995620149986,4.21710469447643,0.04009466,0.0373303663780307,0.04009466,0.0430636480830705,NA,NA,NA,NA,NA,NA,NA,NA,NA,NA,NA,NA,FALSE,"treatment","A2039",TRUE,"A",FALSE,"MoonAnt","PIPJ <15 SEEDLINGS IN PLOT X3. PLANTED TREES (GRID, PAIRS) 60M FROM PC AND SURROUNDING PLOT. POSSIBLY RELEASED.",-51759.954818847,231514.861932363,711.01269843468,1893.69584604886,23.3296495386249,318.155833233011,4420.43956715037,"no","0","","","","1","no","no","1"
"A2040T","KD","2018-07-05","2018-06-26","A",134326,310,"GRANITE",17,"M","STR",5,"KW",5,95,0.5,0.5,0.5,NA,0.5,NA,90,130,0,0.5,25,NA,"Y","Y","C","N","N",NA,1.5,0,625,0,0.167825613094191,0.377885486437251,0,0,15.2105882692153,15.7562993687468,0.545711099531441,15.2105882692153,16.4762323626422,0.570645598203566,15.9055867644386,0.04009466,0.0383427140467209,0.04009466,0.041926655441155,NA,NA,NA,NA,NA,NA,NA,NA,NA,NA,NA,NA,FALSE,"treatment","A2040",TRUE,"A",FALSE,"MoonAnt","SAW CLUSTER OF THREE EVENLY SPACED",-51679.0791007921,231765.388852668,708.982289263712,1894.40891617955,14.3260828819065,277.05269807055,6091.92953176431,"no","0","","","","1","no","no","1"
"A2041T","KD","2018-07-05","2018-06-26","A",150223,262,"GRANITE",20.2,"M","STR",4,"CM",10,90,0.5,0.5,0.5,NA,0.5,NA,40,135,0.5,0.5,34,NA,"Y","Y","G","N","N",NA,1.125,0.125,0,0,0.0493604744394679,0.944713716093126,0.652920880089859,0,0,1.64699507062245,1.64699507062245,0,1.75493587131805,1.75493587131805,0,0.04009466,0.0376285586599167,0.04009466,0.0427223847462448,NA,NA,NA,NA,NA,NA,NA,NA,NA,NA,NA,NA,FALSE,"treatment","A2041",TRUE,"A",FALSE,"MoonAnt","PLANTED PIPJS SURROUNDING PLOT, SOME MORTALITY",-51647.7629292376,231864.051192667,708.049504888979,1888.40741878134,19.8841558583203,284.271073073942,5801.06136459559,"no","0","","","","1","no","no","1"
"A4249T","KD","2018-07-23","2018-07-22","A",115111,160,"GRANITE",21.7,"U","STR",5,"NB+AG",30,70,0.5,0.5,0.5,NA,20,40,60,110,0,0.5,41.8,NA,"Y","Y","C3","N","N",NA,4.5,2.75,324,1654,0.306034941524701,5.47933955334013,7.83505056107831,53.6710677275353,7.88516895876123,75.1766617422397,13.6204250559431,61.5562366862965,80.9105869769674,14.659291336063,66.2512956409044,0.04009466,0.0372532545505837,0.04009466,0.0431527870493241,NA,NA,NA,NA,20,NA,11.9,NA,20,NA,11.9,NA,FALSE,"treatment","A4249",TRUE,"A",FALSE,"MoonAnt","LARGE BOULDERS COMMON THROUGHOUT AREA",-52198.8773036101,231261.086015165,694.387262664348,1814.39621304901,17.0550993517616,205.895038035672,7573.73643189491,"no","0","","","","1","no","no","1"
"A2035T","KD","2018-07-05","2018-06-25","A",160922,238,"GRANITE",17.2,"M","CAV",5,"CM",5,85,10,0.5,0.5,NA,40,32,60,150,0,0.5,63,NA,"Y","N",NA,"N",NA,NA,2.125,2,0,4340,0.0789767591031486,0.377885486437251,5.22336704071887,140.829766588575,0,146.509995874834,5.68022928625927,140.829766588575,153.368904482807,5.94615089327418,147.422753589533,0.04009466,0.0383015611346523,0.04009466,0.0419717033168443,NA,NA,NA,NA,NA,NA,NA,NA,NA,NA,NA,NA,FALSE,"treatment","A2035",TRUE,"A",FALSE,"MoonAnt","NO EVIDENCE OF PLANTING NEARBY",-52840.8937940864,234237.784687744,641.450394567001,1486.61461064174,8.97311318987437,245.05253575842,6611.4800474002,"yes","0","","","","3","no","no","3"
"A4245T","KD","2018-07-23","2018-07-22","A",85446,4,"GRANITE",26,"U","STR",5,"KD",5,95,0.5,0.5,0.5,NA,5,30,95,160,0,0.5,53.4,NA,"Y","N",NA,"N",NA,NA,1.5,0.625,529,244,0.236930277309446,0.377885486437251,1.30584176017972,7.91761821373556,12.8742419110639,22.7125176487258,1.92065752392641,20.7918601247994,25.2699912090493,2.1369272881088,23.1330639209405,0.04009466,0.0360368416963894,0.04009466,0.0446093965186929,NA,NA,NA,NA,NA,14.1,NA,NA,NA,14.1,NA,NA,FALSE,"treatment","A4245",TRUE,"A",FALSE,"MoonAnt","B CLASS PIPJ AND CADE IN PLOT, NOT ON TRANSECT",-53177.6937334061,233299.144997031,633.128945772951,1524.74796948186,24.9193391140279,341.609712716524,3589.31770444422,"yes","0","","","","3","no","no","3"
"A2029T","KD","2018-07-05","2018-06-28","A",100612,275,"GRANITE",18.2,"U","STR",5,"NB",10,80,10,0.5,0.5,NA,5,32,70,124,0,0.5,24.8,NA,"Y","N",NA,"N",NA,NA,2.75,0.75,0,1982,0.069104664215255,1.32259920253038,4.57044616062901,64.3144233591142,0,70.2765733864889,5.96215002737464,64.3144233591142,73.977516784519,6.27613203757492,67.701384746944,0.04009466,0.0380888064153834,0.04009466,0.042206146944692,NA,NA,NA,NA,NA,NA,NA,NA,NA,NA,NA,NA,FALSE,"treatment","A2029",TRUE,"A",FALSE,"MoonAnt","<25CM PIPJ WITHIN PLOT, OUTSIDE TRANSECT. PLANTING EVIDENCE ~50M FROM PC",-52731.0119785332,238145.916886717,615.799391776085,1546.11193725807,15.8857540243743,274.95515976693,6045.78500370462,"yes","0","","","","3","no","no","3"
"A2030T","KD","2018-07-05","2018-06-27","A",155445,281,"GRANITE",12.4,"U","STR",5,"NB",5,95,0.5,0.5,0.5,NA,5,45,60,75,0,5,35,NA,"Y","Y","U","N","U",NA,2.875,0.875,0,121,0.118465138654723,0.755770972874501,2.61168352035943,3.92635985189345,0,7.41227948378211,3.48591963188866,3.92635985189345,7.58932105293768,3.56918048071797,4.02014057221971,0.04009466,0.0391593429312338,0.04009466,0.0410523170253038,NA,NA,NA,NA,NA,NA,NA,NA,NA,NA,NA,NA,FALSE,"treatment","A2030",TRUE,"A",FALSE,"MoonAnt","QUKE RESPROUT 27MM AWAY FROM PC, NE QUADRANT",-52663.5562259713,238172.135123382,615.16062110744,1561.59483271989,13.2080655505911,282.233568914057,5996.07880116155,"yes","0","","","","3","no","no","3"
"A2031T","KD","2018-07-05","2018-06-25","A",174005,63,"GRANITE",22,"M","STR",5,"AG",0,90,10,0.5,0.5,NA,10,34,80,100,0,0.5,37.8,NA,"Y","N",NA,"N",NA,NA,3,0.625,0,12645,0.177697707982084,2.83414114827938,8.48797144116816,410.320829150353,0,421.820639447783,11.4998102974296,410.320829150353,454.948214822908,12.4029449399793,442.545269882929,0.04009466,0.0371751214063448,0.04009466,0.0432434838058452,NA,NA,NA,NA,NA,NA,NA,NA,NA,NA,NA,NA,FALSE,"treatment","A2031",TRUE,"A",FALSE,"MoonAnt","NO PLANTING EVIDENCE NEARBY.",-53460.962439476,235051.634888574,638.63212707995,1461.46158475894,22.0799836462151,100.22013612725,6272.8696618901,"yes","0","","","","3","no","no","3"
"A1140T","AG","2018-07-05","2018-06-05","A",194945,102,NA,32,"M","VEX",4.5,"NB",40,40,20,0,0.5,50,0.5,20,90,NA,0,0,88,NA,NA,"Y","G","N","N",NA,2,0,1225,970,0.0789767591031486,0.566828229655876,0,31.4757773250963,29.8127530076621,61.9343353215174,0.645804988759024,61.2885303327583,73.0316306377195,0.761519295528143,72.2701113421914,0.04009466,0.0340022000790392,0.04009466,0.0472787571621461,NA,NA,NA,14,NA,NA,NA,NA,NA,NA,NA,14,FALSE,"treatment","A1140",TRUE,"A",FALSE,"MoonAnt","Planting apparent ~75m south of the plot, no planting evidence in plot; no trees and no snags",-53422.5321488213,237898.317343624,624.112866492561,1520.89350206619,20.5873589451736,74.5940897201662,5606.5148283447,"yes","0","","","","3","no","no","3"
"A4176T","AG","2018-07-23","2018-07-17","A",93124,283,"OTHER",19.3,"U","STR",5,"NB",0.5,95,5,0.5,0.5,NA,5,35,50,60,0,0.5,132,NA,"Y","N",NA,"N",NA,NA,1.125,0,1024,729,0.0888488539910421,1.32259920253038,3.26460440044929,23.6555068762837,24.9210278202824,53.2525871535368,4.67605245697071,48.5765346965661,56.4235361960649,4.95449008514626,51.4690461109186,0.04009466,0.0378413782614061,0.04009466,0.0424821144042513,NA,NA,NA,NA,NA,NA,NA,NA,NA,NA,NA,NA,FALSE,"treatment","A4176",TRUE,"A",FALSE,"MoonAnt","A class CADE seedling in plot, out of transect. PILA sapling nearby, 10 bud scars, appears planted. No other planting evidence closer than ~150m. Mostly rocky exposed mineral soil. Plot moved due to rockslide area. Parent material: igneous, not granite, photo 093520. Seed source: ABCO and ABMA in area",-57348.4514815024,240617.742746137,745.548891748194,1973.81012053625,19.796734667146,292.984073804385,5506.02288143919,"no","0","","","","3","no","no","3"
"A4013T","CM","2018-07-23","2018-07-19","A",155316,271,"GRANITE",24,"M","STR",5,"AG",0,90,10,0.5,0.5,NA,0,NA,95,140,0,0,NA,NA,"Y","N",NA,"N",NA,NA,2.375,3.5,0,1021,0.266546561973126,0.566828229655876,5.22336704071887,33.1306893287869,0,39.1874311611348,6.05674183234787,33.1306893287869,42.8959838104365,6.62992933923317,36.2660544712033,0.04009466,0.0366282945187245,0.04009466,0.0438890694103653,NA,NA,NA,NA,NA,NA,NA,NA,NA,NA,NA,NA,FALSE,"treatment","A4013",TRUE,"A",FALSE,"MoonAnt",NA,-71874.1883211878,247618.417021479,867.268727590312,1929.6735676326,26.8295657421783,244.33475887103,7139.36743223385,"no","0","","","","3","no","no","3"
"A4012T","NB","2018-07-23","2018-07-19","A",173741,263,"GRANITE",22.8,"M","STR",5,"CM",0,90,10,0.5,0,NA,0.5,NA,100,120,0,0,264,NA,"Y","N",NA,"N",NA,NA,2.5,0.25,4225,561,0.128337233542616,0.755770972874501,3.26460440044929,18.2040320405969,102.823576699896,125.176321347359,4.14871260686641,121.027608740493,135.786229367843,4.50035626190025,131.285873105943,0.04009466,0.0369617896294694,0.04009466,0.0434930715376911,NA,NA,NA,NA,NA,NA,NA,NA,NA,NA,NA,NA,FALSE,"treatment","A4012",TRUE,"A",FALSE,"MoonAnt",NA,-72060.2568674867,247645.623933261,866.195590365252,1860.92144814016,25.5706357777888,253.455200454462,6818.01798752037,"no","0","","","","3","no","no","3"
"A4172T","AG","2018-07-23","2018-07-17","A",123826,111,"GRANITE",15.5,"U","STR",5,"KD",0,80,20,0.5,0.5,NA,0.5,NA,95,130,0,0.5,97,NA,"Y","N",NA,"N",NA,NA,2.125,0.125,2613,2898,0.157953518206297,1.70048468896763,10.4467340814377,94.0379409155969,63.5924274359355,169.935540640144,12.3051722886117,157.630368351532,176.349284182858,12.7695967345561,163.579687448302,0.04009466,0.0386364353870457,0.04009466,0.0416079212383709,NA,NA,NA,NA,NA,NA,NA,NA,NA,NA,NA,NA,FALSE,"treatment","A4172",TRUE,"A",FALSE,"MoonAnt","3 B class PIPJs out of transect, in plot. 3 A class PIPJs out of transect, in plot",-58193.0740250822,242627.579701479,740.850207309967,1973.07856552114,17.600518009331,100.845891332365,6591.3276399171,"no","0","","","","3","no","no","3"
"A2025T","KD","2018-07-05","2018-06-27","A",120200,102,"GRANITE",15,"U","STR",5,"CM",0,80,20,0.5,5,NA,0.5,NA,95,100,0,0.5,51.1,NA,"Y","N",NA,"N",NA,NA,2.125,0.625,1179,526,0.167825613094191,3.023083891498,11.0996549615276,17.0683081164955,28.6932537110478,60.0521262936631,14.2905644661198,45.7615618275433,62.1705359348075,14.7946809963886,47.3758549384189,0.04009466,0.0387284675902793,0.04009466,0.0415090464596409,NA,NA,NA,NA,NA,NA,NA,NA,NA,NA,NA,NA,FALSE,"treatment","A2025",TRUE,"A",FALSE,"MoonAnt","NO EVIDENCE OF PLANTING NEARBY",-58262.8689628345,238381.655657296,759.618023086652,1804.43233959489,12.3659398930485,60.2010848566342,5671.97383549966,"no","0","","","","3","no","no","3"
"A2026T","KD","2018-07-05","2018-06-27","A",90329,348,"GRANITE",22.5,"M","STR",5,"AG",0,95,5,0.5,0.5,NA,0.5,NA,95,88,0,0.5,131.6,NA,"Y","Y","G","N",NA,NA,2.5,0.5,0,0,0.375139605739956,1.13365645931175,1.30584176017972,0,0,2.81463782523142,2.81463782523142,0,3.04654202867844,3.04654202867844,0,0.04009466,0.037042635736999,0.04009466,0.0433981472573754,NA,NA,NA,NA,NA,NA,NA,NA,NA,NA,NA,NA,FALSE,"treatment","A2026",TRUE,"A",FALSE,"MoonAnt",NA,-57930.4555188602,238535.882833978,749.256458825414,1707.06842211418,18.7074497317515,22.6621700589683,4353.22309798438,"no","0","","","","3","no","no","3"
"A1096T","AG","2018-07-05","2018-06-06","A",170048,258,NA,15,"M","STR",NA,"KD",0.5,95,5,0.5,0.5,10,0.5,40,90,NA,0,0,104,NA,NA,"U",NA,"N","N",NA,3,0.375,0,3524,0.13820932843051,4.91251132368426,7.51838393423472,114.351174529525,0,126.920279115875,12.5691045863495,114.351174529525,131.397541779664,13.0124945873308,118.385047192333,0.04009466,0.0387284675902793,0.04009466,0.0415090464596409,NA,NA,NA,NA,NA,NA,NA,NA,NA,NA,NA,NA,FALSE,"treatment","A1096",TRUE,"A",FALSE,"MoonAnt","none",-61462.3832486139,245574.158721855,739.604379504888,1631.34172244988,9.88264442700312,267.175855636535,6331.73698296866,"no","0","","","","3","no","no","3"
"A4167T","NB","2018-07-23","2018-07-20","A",112105,25,"GRANITE",10.4,"M","STR",5,"CM",0.5,70,30,0.5,0.5,NA,0.5,NA,95,140,0,0.5,74,NA,"Y","N",NA,"N",NA,NA,1.75,0.875,0,2731,0.148081423318404,1.32259920253038,3.26460440044929,88.6189153348845,0,93.3542003611825,4.73528502629808,88.6189153348845,94.9134893918601,4.81437817872262,90.0991112131375,0.04009466,0.0394359637079626,0.04009466,0.0407643584526123,NA,NA,NA,NA,NA,NA,NA,NA,NA,NA,NA,NA,FALSE,"treatment","A4167",TRUE,"A",FALSE,"MoonAnt","Two PILA seedlings size class A in plot off transect",-61804.8477228904,245190.242881586,745.169599516431,1713.15090051284,8.93313009454598,35.6863451452799,5546.19448401733,"no","0","","","","3","no","no","3"
"A4168T","AG","2018-07-23","2018-07-17","A",173329,13,"GRANITE",16.9,"M","STR",5,"NB, KD",0,80,20,0.5,0.5,NA,0,NA,95,150,0,0.5,268,NA,"Y","U","U","N","N",NA,5.25,1,0,277,0.217186087533659,1.511541945749,9.14089232125802,8.98844362788832,0,19.858063982429,10.8696203545407,8.98844362788832,20.7543708756892,11.3602278810104,9.39414299467883,0.04009466,0.0383631153361712,0.04009466,0.0419043590810747,NA,NA,NA,NA,NA,NA,NA,NA,NA,NA,NA,NA,FALSE,"treatment","A4168",TRUE,"A",FALSE,"MoonAnt","Most seedlings have been browsed extensively",-61704.3209443569,242533.702546842,801.415108238625,1868.83038533405,20.7441361811067,31.4372740863084,4309.40686781831,"no","0","","","","3","no","no","3"
"A1041T","AG","2018-07-05","2018-06-06","A",121005,142,NA,24,"R","STR",NA,"NB",0,80,20,0.5,0.5,20,50,40,80,NA,0,0.5,90,NA,NA,"U",NA,"N","N",NA,2,0.125,0,2649,0.0394883795515743,0.188942743218625,6.01470714738778,85.9580764269897,0,92.2012146971477,6.24313827015798,85.9580764269897,100.926794529823,6.83396564224441,94.0928288875784,0.04009466,0.0366282945187245,0.04009466,0.0438890694103653,NA,NA,NA,NA,NA,NA,NA,NA,NA,NA,NA,NA,FALSE,"treatment","A1041",TRUE,"A",FALSE,"MoonAnt","none",-63871.6005526742,247910.94016506,733.826645929113,1414.33448617053,16.01423407486,221.741905206241,7265.05905211066,"no","0","","","","3","no","no","3"
"A4060T","CM","2018-07-23","2018-07-19","A",93725,351,"UNKNOWN",22.5,"M","STR",5,"NB",0,80,20,0.5,0.5,NA,0.5,NA,95,90,0,0.5,76.8,NA,"Y","Y","U","L","N",NA,1,0.375,0,2142,0.167825613094191,2.64519840506075,7.83505056107831,69.5063041550064,0,80.1543787342397,10.6480745792333,69.5063041550064,86.7584743612235,11.5253928726938,75.2330814885298,0.04009466,0.037042635736999,0.04009466,0.0433981472573754,NA,NA,NA,NA,NA,NA,NA,NA,NA,NA,NA,NA,FALSE,"treatment","A4060",TRUE,"A",FALSE,"MoonAnt","Plot AKA A4061T on maps; large diameter salvage stumps scattered; planted seedlings in grid/C2 pattern about 30m away",-66651.7815976769,246868.262043751,782.353027766533,1688.14582997882,20.9491855881904,338.234605845611,4094.43513385079,"yes","0","","","","3","no","no","3"
"A4057T","CM","2018-09-06","2018-08-21","A",151525,241,"GRANITE",17.5,"M","STR",5,"CM",0,95,5,0.5,0.5,NA,5,42,100,110,0,0,117,NA,"Y","N",NA,"L",NA,NA,1.625,0.75,0,916,0.157953518206297,2.83414114827938,7.83505056107831,29.7235175564827,0,40.5506627840467,10.827145227564,29.7235175564827,42.5185509728365,11.3525771132302,31.1659738596063,0.04009466,0.0382389568764869,0.04009466,0.0420404187726183,NA,NA,NA,NA,NA,NA,NA,NA,NA,NA,NA,NA,FALSE,"treatment","A4057",TRUE,"A",FALSE,"MoonAnt","Pre-fire logging; old road in plot--totally overgrown; ~5m^2 SE quadrant contains mesic veg.",-66789.8847178906,251251.126028757,766.611365539017,1907.32343217358,26.9712544141255,241.331957537878,7261.18439893409,"no","0","","","","3","no","no","3"
"A4025T","CM","2018-09-06","2018-08-22","A",103647,99,"UNKNOWN",20.5,"M","STR",5,"AG",0,90,10,0.5,0.5,NA,0.5,NA,95,170,0,0.5,82,NA,"Y","N",NA,"N",NA,NA,3.5,1.875,0,1513,0.207313992645765,0.755770972874501,1.30584176017972,49.0957227761553,0,51.3646495018553,2.26892672569998,49.0957227761553,54.8373807735994,2.42232741800588,52.4150533555935,0.04009466,0.0375555529593702,0.04009466,0.0428054344521243,NA,NA,NA,NA,NA,NA,NA,NA,NA,NA,NA,NA,FALSE,"treatment","A4025",TRUE,"A",FALSE,"MoonAnt","No parent material visible",-69528.5066247647,249220.602697643,870.790675766005,1969.2895959835,20.9694697300016,78.4982528229587,5851.77753779324,"no","0","","","","3","no","no","3"
"A4022T","AG","2018-07-23","2018-07-18","A",120502,41,"OTHER",22.4,"M","STR",5,"AG",0,90,10,0.5,5,100,0.5,NA,100,154,0,0.5,99,NA,"Y","U",NA,"N",NA,NA,5.375,0.5,0,1170,0.13820932843051,1.32259920253038,10.4467340814377,37.9656283199615,0,49.8731709323601,11.9075426123986,37.9656283199615,53.9434155998697,12.8793398916811,41.0640757081886,0.04009466,0.0370693588720343,0.04009466,0.0433668617270958,NA,NA,NA,NA,NA,NA,NA,NA,NA,NA,NA,NA,FALSE,"treatment","A4022",TRUE,"A",FALSE,"MoonAnt","Parent material unsure. No large rocks in area.",-69588.3624894646,249381.060435288,874.242480101759,1963.11974373937,22.752925042361,54.4318222827371,4891.72712255405,"no","0","","","","3","no","no","3"
"A4017T","CM","2018-09-06","2018-08-23","A",95229,295,"GRANITE",20.5,"L","STR",5,"CM",0.5,95,5,0.5,0.5,NA,10,75,90,110,0,0,60,NA,"N","N",NA,"N",NA,NA,1.375,0.75,0,3123,0.13820932843051,1.70048468896763,1.95876264026958,101.33902328482,0,105.136479942488,3.79745665766771,101.33902328482,112.244690457663,4.05420028613731,108.190490171526,0.04009466,0.0375555529593702,0.04009466,0.0428054344521243,NA,NA,NA,NA,NA,NA,NA,NA,NA,NA,NA,NA,FALSE,"treatment","A4017",TRUE,"A",FALSE,"MoonAnt","Moved due to riparian area, but plot still contains messic veg.; possibly planted >25cm CADE just outside plot",-70159.7998023214,248711.813278827,881.935705322218,1888.33866190269,15.2600783469056,284.942115109493,5833.39228077345,"no","0","","","","3","no","no","3"
"A4014T","CM","2018-07-23","2018-07-18","A",155920,120,"IGNEOUS 1",22.8,"M","STR",5,"NB",0.5,95,5,0.5,0,NA,0,NA,100,150,0,0,170,NA,"Y","N",NA,"N",NA,NA,1.625,1.625,1254,900,0.0296162846636807,1.88942743218625,3.26460440044929,29.2043294768935,30.5185243033537,64.9065018975463,5.18364811729923,59.7228537802471,70.4079578250885,5.62301260047879,64.7849452246097,0.04009466,0.0369617896294694,0.04009466,0.0434930715376911,NA,NA,NA,NA,NA,NA,NA,NA,NA,NA,NA,NA,FALSE,"treatment","A4014",TRUE,"A",FALSE,"MoonAnt",NA,-71016.5072353102,247344.246363207,866.592818867764,1876.58750138415,22.7411785832398,95.0466192863856,6407.74897246328,"no","0","","","","3","no","no","3"
"C1020T","CM","2018-07-05","2018-06-21","A",101159,156,"GRANITE",14.2,"U","STR",5,"CM",0,95,5,0.5,0,NA,0,NA,70,100,0,5,NA,NA,"Y","Y","C","N","U",NA,1,0.5,1300,3837,0.0592325693273614,1.511541945749,3.91752528053915,124.507791336489,31.6380235999679,161.634114732073,5.48829979561552,156.145814936457,166.728444001053,5.6612781692224,161.06716583183,0.04009466,0.0388695816926266,0.04009466,0.0413583499104275,NA,NA,NA,NA,NA,NA,NA,NA,NA,NA,NA,NA,FALSE,"treatment","C1020",TRUE,"C",FALSE,"Power","No seed wall for miles--nearest cluster on ridgeline several miles away; ground cover primarily exposed rocky soil",-46940.1259397576,132195.676132884,1782.50481307534,1858.29674269029,13.5910538703958,218.38854446444,7380.66897301868,"no","0","3","","","1","YES","no","1"
"C1023T","CM","2018-07-05","2018-06-21","A",132438,285,"METASEDIMENTARY",13.2,"L","STR",5,"DY",0.5,95,5,0.5,5,20,0,NA,70,76,0,0.5,NA,NA,"N","Y","C3","N","Y",NA,1.875,1.25,10183,1591,0.0394883795515743,0.755770972874501,3.91752528053915,51.6267646641528,247.823072552672,304.16262184979,4.71278463296523,299.449837216825,312.417022341143,4.8406807286571,307.576341612486,0.04009466,0.0390353150938724,0.04009466,0.0411827535309931,NA,NA,NA,NA,NA,NA,NA,NA,NA,NA,NA,NA,FALSE,"treatment","C1023",TRUE,"C",FALSE,"Power","CADE regen 20cm tall outside plot; riparian area ~25m outside plot",-46771.2511065816,132001.328889172,1795.68288798531,1847.67208877603,11.2911347482609,313.095584833871,5644.3501385794,"no","0","3","","","1","YES","no","1"
"C1026T","CM","2018-07-05","2018-06-21","A",164224,289,"GRANITE",8.1,"M","VEX",5,"KD",0.5,70,30,0.5,0.5,NA,0,NA,50,77,0,5,NA,NA,"Y","Y","G","N","U",NA,1.125,0.125,0,4425,0.0789767591031486,0.944713716093126,6.52920880089859,143.587953261393,0,151.140852537488,7.55289927609486,143.587953261393,152.663879655247,7.62900887996481,145.034870775282,0.04009466,0.0396946619481018,0.04009466,0.040498688781313,NA,NA,NA,NA,NA,NA,NA,NA,NA,NA,NA,NA,FALSE,"treatment","C1026",TRUE,"C",FALSE,"Power","Plot moved 30m to west because original plot uncharacteristically harsh",-46636.0030153557,131961.658473189,1797.86200133287,1878.52786352583,15.5152352630951,332.260287197319,4958.88543977273,"no","0","3","","","1","YES","no","1"
"C2011T","NB","2018-09-13","2018-09-10","A",113331,353,"OTHER",16.3,"M","STR",5,"NB",0.5,95,5,0.5,0.5,NA,0.5,NA,95,140,0,0.5,165,NA,"Y","Y","C2","N","Y",8.3,0.75,0.625,484,417,0.13820932843051,1.511541945749,7.83505056107831,13.531339324294,11.7790795556804,34.7952207152321,9.48480183525782,25.3104188799743,36.2523743160729,9.88200618871251,26.3703681273604,0.04009466,0.0384830668479459,0.04009466,0.0417737434198649,NA,NA,NA,NA,NA,NA,NA,NA,NA,NA,NA,NA,TRUE,"treatment","C2011",TRUE,"C",TRUE,"Power","Parent material igneous. Planted seedlings clearly released in plot and surrounding area. Abundant natural regen in plot, mostly shaded. B class CADE in plot.",-45000.253970563,130337.659367533,1795.45712695139,1855.42075914787,16.8310465352003,223.043528481296,4548.48374138349,"no","0","3","","3","2","YES","YES","2"
"C2012T","NB","2018-09-13","2018-09-10","A",145804,358,"OTHER",21.2,"M","VEX",5,"KD",0.5,100,0.5,0.5,5,30,0.5,NA,95,90,0,0.5,221,NA,"Y","Y","C2","N","Y",NA,2.5,1.25,484,256,0.0987209488789357,1.13365645931175,0.652920880089859,8.30700927342747,11.7790795556804,21.9713871173884,1.88529828828055,20.0860888291078,23.5662621599312,2.022149692867,21.5441124670642,0.04009466,0.0373812058196436,0.04009466,0.0430050803677079,NA,NA,NA,NA,NA,NA,NA,NA,NA,NA,NA,NA,FALSE,"treatment","C2012",TRUE,"C",FALSE,"Power","Parent material igneous. Plot contains dry gully on NE side and is bordered by one on SW side.",-44929.1245945961,130402.840201328,1792.83147325167,1835.62366410756,19.4777287829739,138.332098054618,4162.72398535022,"no","0","3","","3","2","YES","YES","2"
"C2013T","NB","2018-09-13","2018-09-10","A",160802,10,"OTHER",17.6,"M","CAV",5,"NB",0.5,90,10,0.5,0.5,NA,0.5,NA,95,110,0,0.5,221,NA,"Y","Y","C2","N","Y",NA,3.125,1.625,0,2463,0.167825613094191,1.32259920253038,15.0171802420668,79.9225150017651,0,96.4301200594564,16.5076050576913,79.9225150017651,101.165614936972,17.3182613043345,83.8473536326375,0.04009466,0.0382178557403312,0.04009466,0.0420636304516458,NA,NA,NA,NA,NA,NA,NA,NA,NA,NA,NA,NA,FALSE,"treatment","C2013",TRUE,"C",FALSE,"Power","Parent material igneous. Planted, stunted ABMA in plot, B class. Planted SEGIs nearby. Dry gully through E edge of plot, little if any riparian veg.",-44858.8532834887,130469.137719869,1790.0488590558,1817.78602964592,17.5383558701576,333.966068370844,4664.55011540742,"no","0","3","","3","2","YES","YES","2"
"C2015T","KD","2018-09-13","2018-09-12","A",152824,334,"METASEDIMENTARY",13.5,"R","STR",5,"KD",0.5,100,0.5,0.5,0.5,NA,0.5,NA,65,60,0,0.5,191,NA,"Y","Y","U","N","U",NA,1,0.25,0,0,0.365267510852062,0.944713716093126,3.26460440044929,0,0,4.57458562739448,4.57458562739448,0,4.70457336393498,4.70457336393498,0,0.04009466,0.0389868413525719,0.04009466,0.0412339575288407,NA,NA,NA,NA,NA,NA,NA,NA,NA,NA,NA,NA,FALSE,"treatment","C2015",TRUE,"C",FALSE,"Power","ROCKY TOP SOIL LAYER. A&B CLASS PSMES IN PLOT, OFF TRANSECT. B CLASS SEGI, LIKELY PLANTED, NEARLY DEAD- IN PLOT. PLANTED CADE JUST OUTSIDE PLOT.",-44548.5705643373,130709.724145152,1778.22237965217,1882.0363921234,18.9386594509612,339.614148602166,4474.91578927486,"no","0","3","","3","2","YES","YES","2"
"C1040T","CM","2018-07-05","2018-06-19","A",175136,117,"GRANITE",22,"M","STR",5,"KD",0.5,80,20,0.5,0.5,40,0,NA,100,NA,0,5,36.7,NA,"Y","Y","G","N","Y",NA,1.5,2,2444,1297,0.0888488539910421,2.64519840506075,13.0584176017972,42.0866837017009,59.4794843679397,117.35863293049,15.792464860849,101.566168069641,126.575362968679,17.0327220249405,109.542640943738,0.04009466,0.0371751214063448,0.04009466,0.0432434838058452,NA,NA,NA,NA,NA,NA,NA,NA,NA,NA,NA,NA,FALSE,"treatment","C1040",TRUE,"C",FALSE,"Power","Took 30 paces twice because original plot did not show evidence of pre-fire trees",-44835.4958407657,129376.516528925,1800.72816621459,1964.76586602832,20.3644526868108,122.416403969786,7334.99877972338,"no","0","3","","3","2","YES","YES","2"
"C2014T","KD","2018-09-13","2018-09-13","A",84823,94,"IGNEOUS",16.2,"M","STR",5,"NB",0.5,99,0.5,0.5,0.5,NA,0.5,NA,80,110,0,0.5,85,NA,"Y","Y","G","N","Y",NA,0.5,0.375,0,857,0.167825613094191,1.70048468896763,6.52920880089859,27.8090115129974,0,36.2065306159578,8.39751910296041,27.8090115129974,37.703601675184,8.74474051866822,28.9588611565158,0.04009466,0.0385026488273639,0.04009466,0.0417524978014782,NA,NA,NA,NA,NA,NA,NA,NA,NA,NA,NA,NA,FALSE,"treatment","C2014",TRUE,"C",FALSE,"Power","BROWING, PLANTED CADE NEAR PLOT. DEAD, PLANTED PIPJ NEAR PLOT.",-44782.8193551502,129538.490830167,1796.29892888863,1971.25801390957,14.7890192615241,122.774310879631,7156.71308557559,"no","0","3","","3","2","YES","YES","2"
"C2010T","KD","2018-09-13","2018-09-11","A",103915,167,"METASEDIMANTARY",21.2,"U","STR",5,"KD, NB",0,80,20,0.5,0.5,NA,0.5,NA,80,118,0,5,53,NA,"Y","Y","C3","N","Y",NA,0.625,0,225,741,0.217186087533659,1.70048468896763,4.57044616062901,24.0448979359756,5.47581177691752,36.0088266500234,6.4881169371303,29.5207097128931,38.6226615721674,6.95908109250397,31.6635804796635,0.04009466,0.0373812058196436,0.04009466,0.0430050803677079,NA,NA,NA,NA,NA,NA,NA,NA,NA,NA,NA,NA,FALSE,"treatment","C2010",TRUE,"C",FALSE,"Power","A CLASS PIPJ- 5 BUD SCARS, POSSIBLY SEEDED, POSSIBLY AS OLD AS PLANTED ONES. BLACK OAK- NOT SEEDING ~40M AWAY FROM PLOT CENTER.",-45505.7379513572,131472.954417971,1802.57680492543,1848.79774519585,24.1287949611421,152.59661761264,8029.85482511332,"no","0","3","","2","1, 2","YES","YES","1"
"C1029T","CM","2018-07-05","2018-06-20","A",113303,37,"GRANITE",11.2,"M","VEX",5,"CM",0.5,100,0.5,0.5,0.5,40,0.5,36,70,160,0,0.5,195,NA,"Y","Y","C2","N","Y",NA,1,0,289,196,0.0888488539910421,1.511541945749,3.26460440044929,6.36005397496791,7.03337601568517,18.2584251908424,4.86499520018934,13.3934299906531,18.6129050765251,4.95944709975814,13.6534579767669,0.04009466,0.039331063428973,0.04009466,0.040873081487326,NA,NA,NA,NA,NA,NA,NA,NA,NA,NA,NA,NA,FALSE,"treatment","C1029",TRUE,"C",FALSE,"Power",NA,-45917.6603731935,130805.092336006,1816.52097282076,1987.13247143201,14.6719223207762,71.1643465348453,5859.49801384372,"no","0","3","","2, 6","1, 2","YES","YES","1"
"C1030T","CM","2018-07-05","2018-06-22","A",92931,121,"GRANITE",18.1,"M","STR",4,"KD",0.5,100,0.5,0.5,0.5,NA,0.5,NA,60,70,0.5,0.5,217.6,NA,"N","Y","U","N","U",NA,0.625,0.375,0,0,0.424500080179424,1.511541945749,2.61168352035943,0,0,4.54772554628786,4.54772554628786,0,4.78448214476131,4.78448214476131,0,0.04009466,0.0381106050842672,0.04009466,0.0421820056900445,NA,NA,NA,NA,NA,NA,NA,NA,NA,NA,NA,NA,FALSE,"treatment","C1030",TRUE,"C",FALSE,"Power","Rockslide to north--plot moved",-45870.2736567644,130637.007515899,1814.87456399847,1950.08689187047,22.5444235244334,103.247153476852,6719.45542947654,"no","0","3","","2, 6","1, 2","YES","YES","1"
"C1031T","CM","2018-07-05","2018-06-22","A",82334,122,"GRANITE",21.8,"M","STR",5,"AG",0.5,100,0.5,0.5,5,38,0.5,NA,60,NA,0,0.5,98.8,NA,"Y","U",NA,"N",NA,NA,1.8125,0.25,387,0,0.207313992645765,2.07837017540488,4.57044616062901,0,9.41839625629814,16.2745265849778,6.85613032867965,9.41839625629814,17.5280290918917,7.38420569295239,10.1438233989393,0.04009466,0.0372273235436091,0.04009466,0.0431828454880039,NA,NA,NA,NA,NA,NA,NA,NA,NA,NA,NA,NA,FALSE,"treatment","C1031",TRUE,"C",FALSE,"Power","Plot moved due to low fire severity; notes on penstemon sp. on data sheet",-45828.2165276248,130595.650612042,1813.96724750056,1932.28194600457,18.6531672589751,104.377601762163,6734.98673008274,"no","0","3","","2, 6","1, 2","YES","YES","1"
"C1032T","CM","2018-07-05","2018-06-20","A",155337,104,"VOLCANIC",18,"M","STR",5,"NB",0.5,95,5,0.5,0.5,15,0,NA,90,90,0,0.5,97.5,NA,"Y","Y","C","N","Y",NA,1.25,1.25,2291,1250,0.207313992645765,1.13365645931175,5.22336704071887,40.5615687179076,55.7559323596358,102.88183857022,6.56433749267639,96.3175010775433,108.176366816766,6.90215290070016,101.274213916065,0.04009466,0.0381322876616386,0.04009466,0.0421580203836771,NA,NA,NA,NA,NA,NA,NA,NA,NA,NA,NA,NA,FALSE,"treatment","C1032",TRUE,"C",FALSE,"Power","Parent material is ""volcanic sample 1""",-45789.1958162187,130474.291190652,1812.24403501605,1899.50161771051,20.3363676687261,106.405146477116,6797.61825438799,"no","0","3","","2, 6","1, 2","YES","YES","1"
"C2006T","AG","2018-07-05","2018-07-03","A",95633,43,"METASEDIMENTARY",24.9,"U","STR",5,"CM",0,100,0.5,0.5,0,NA,0.5,NA,50,80,0,0.5,73,NA,"Y","Y","G","N","N",NA,0.75,0.125,1224,346,0.157953518206297,1.511541945749,1.30584176017972,11.2274422211168,29.7884160664313,43.9911955116832,2.97533722413502,41.0158582875481,48.4995158102077,3.28025672101391,45.2192590891938,0.04009466,0.0363676213580514,0.04009466,0.0442036542530076,NA,NA,NA,NA,NA,NA,NA,NA,NA,NA,NA,NA,FALSE,"treatment","C2006",TRUE,"C",FALSE,"Power","Plot in transition btwn high & low severity.  Stunted, slow growth in pre-fire trees in plot & nearby; some trees <1m & >20yrs old. Planting evidence begins on northern side of plot. Rocky exposed mineral soil.",-49526.4388166275,134999.365366225,1803.29996122383,1878.92197866289,16.7025856799668,58.7824318213977,5530.33880738877,"no","0","3","","","2","YES","no","2"
"C2001T","AG","2018-07-05","2019-07-02","A",145331,104,"METASEDIMENTARY",26.5,"M","STR",5,"NB",0,95,5,0.5,0,NA,0,NA,60,100,0,5,65,NA,"Y","Y","G","N","U",NA,1.875,0.125,0,806,0.0493604744394679,1.13365645931175,3.26460440044929,26.1540995093068,0,30.6017208435073,4.44762133420051,26.1540995093068,34.1943746452277,4.96977379015687,29.2246008550708,0.04009466,0.0358820889507503,0.04009466,0.0448017885113121,NA,NA,NA,NA,NA,NA,NA,NA,NA,NA,NA,NA,FALSE,"treatment","C2001",TRUE,"C",TRUE,"Power","Rocky exposed mineral soil",-55410.8668354151,135399.428070707,1797.88396971501,1629.79182905289,20.4158590362043,116.129778687834,7023.52908786448,"no","0","3","","","2","YES","no","2"
"D1013T","CM","2018-08-16","2018-08-01","A",90402,88,"METASEDIMENTARY",22.8,"M","STR",5,"CM",0.5,95,5,0.5,0.5,NA,0.5,NA,95,34,0,0.5,64,NA,"Y","N",NA,"N",NA,NA,1.875,0.125,1514,1154,0.0888488539910421,0.755770972874501,3.91752528053915,37.4464402403723,36.8461290233472,79.0547143711242,4.7621451074047,74.2925692637195,85.7553686085638,5.16578311997702,80.5895854885868,0.04009466,0.0369617896294694,0.04009466,0.0434930715376911,NA,NA,NA,NA,NA,NA,NA,NA,NA,NA,NA,NA,FALSE,"treatment","D1013",TRUE,"D",FALSE,"Piute","Abma B-class seedling off transect inside plot",148152.465337262,-282973.492293817,665.325664416414,2440.35294617818,26.8085677575232,84.3585186383959,6516.60513148503,"no","0","3","","3","2, 3","YES","YES","2"
"D1018T","CM","2018-08-13","2018-08-01","A",101937,53,"METASEDIMENTARY",25.8,"M","STR",5,"NB",0.5,95,5,0.5,5,40,0.5,NA,90,47,0,NA,51.6,NA,"Y","N",NA,"N",NA,NA,1.625,0.25,0,1548.25,0,1.13365645931175,8.48797144116816,50.2395590140003,0,59.8611869144802,9.62162790047991,50.2395590140003,66.4888801787949,10.6869124648982,55.8019677138967,0.04009466,0.0360979750309887,0.04009466,0.0445338487584291,NA,NA,NA,NA,NA,NA,19.5,NA,NA,NA,19.5,NA,FALSE,"treatment","D1018",TRUE,"D",FALSE,"Piute","Plot moved due to rocky outcrop",148304.908005715,-283030.850180831,650.678546066309,2371.33311908491,19.4217694711628,83.909140918883,6637.42846601049,"no","0","3","","3","2, 3","YES","YES","2"
"D1017T","AG","2018-08-13","2018-08-04","A",120106,38,"METASEDIMENTARY",19.7,"M","STR",5,"AG",0.5,90,10,0.5,0.5,NA,0,NA,96,55,0,0.5,37,NA,"N","Y","U","N","N",NA,0.375,0.875,0,1658,0.148081423318404,1.32259920253038,7.83505056107831,53.8008647474326,0,63.1065959343597,9.30573118692709,53.8008647474326,67.0298144558083,9.88425101370001,57.1455634421083,0.04009466,0.0377479413942534,0.04009466,0.0425872696930787,NA,NA,NA,NA,NA,NA,NA,NA,NA,NA,NA,NA,FALSE,"treatment","D1017",TRUE,"D",FALSE,"Piute","Plot moved due to fire severity",148217.84732031,-281506.016753812,666.11317515028,2396.54896541099,22.6134662726075,39.3769714607178,5054.63567543277,"no","0","3","","3","2, 3","YES","YES","2"
"D1016T","NB","2018-08-13","2018-08-04","A",103533,32,"OTHER",21.1,"M","STR",5,"KD",0.5,90,10,0.5,0,NA,0.5,NA,100,55,0,0.5,48.3,NA,"Y","Y","G","N","N",NA,1.375,0.75,0,3173.25,0.0592325693273614,2.07837017540488,7.83505056107831,102.96959834728,0,112.942251653091,9.97265330581055,102.96959834728,121.058817440696,10.6893354637173,110.369481976978,0.04009466,0.0374064547746261,0.04009466,0.0429760524006159,NA,NA,NA,NA,NA,NA,NA,NA,NA,NA,NA,NA,FALSE,"treatment","D1016",TRUE,"D",FALSE,"Piute","A class ABCO in plot, off transect. Parent material metasedimentary.",148203.273417922,-281449.613442333,666.538788826844,2384.80207080101,21.4289908602208,49.8407234631436,5467.91410306149,"no","0","3","","3","2, 3","YES","YES","2"
"D1099T","NB","2018-08-13","2018-08-02","Alexis' phone",NA,147,"OTHER",24.6,"M","STR",5,"CM",0.5,100,0.5,0.5,20,54,80,34,0.5,NA,0,5,76,NA,"Y","Y","U","N","U",NA,1.875,0.125,0,196,0.0888488539910421,1.70048468896763,2.61168352035943,6.36005397496791,0,10.761071038286,4.4010170633181,6.36005397496791,11.8352878105163,4.84034566987295,6.99494214064332,0.04009466,0.0364555126519651,0.04009466,0.0440970828160592,13,NA,11.4,23.8,6.70377497920197,12.02,11.6,11.6,6.70377497920197,12.02,11.4,11.6,FALSE,"treatment","D1099",TRUE,"D",FALSE,"Piute","Parent material metasedimentary and granite.",149741.733205523,-281120.786076416,538.973807012485,2144.9091196587,19.1844103047627,120.590679857542,7567.54235656849,"no","0","3","","3","2, 3","YES","YES","2"
"D1097T","KD","2018-08-16","2018-08-02","A",92918,64,"METASEDIMENTARY",22.5,"M","STR",5,"NB",0.5,95,5,0.5,0.5,NA,5,20,60,45,0,10,21,NA,"Y","Y","U","N","U",NA,2,0.375,144,680,0.118465138654723,3.77885486437251,3.91752528053915,22.0654933825417,3.50451953722721,33.3848582033353,7.81484528356638,25.5700129197689,36.1355101271577,8.45872758142405,27.6767825457336,0.04009466,0.037042635736999,0.04009466,0.0433981472573754,NA,NA,NA,NA,6.17,9.70776983437316,8.89,4.82361173328321,6.17,9.70776983437316,8.89,4.82361173328321,FALSE,"treatment","D1097",TRUE,"D",FALSE,"Piute","DEAD A CLASS PIPJ ON TRANSECT",149664.817020679,-280661.109652401,556.606887242802,2175.73615088099,22.6322780772824,68.3077024797966,5996.3622441666,"no","0","3","","3","2, 3","YES","YES","2"
"D1005T","CM","2018-08-16","2018-07-31","A",175817,244,"METASEDIMENTARY",25.3,"M","STR",5,"CM",0,90,10,0.5,5,60,10,25,20,45,5,5,15,NA,"Y","Y","G","N","U",NA,2.125,0.125,0,6789,0.0394883795515743,0.188942743218625,2.61168352035943,220.2979920207,0,223.138106663829,2.84011464312963,220.2979920207,246.811650935585,3.14143287490205,243.670218060682,0.04009466,0.036248882440582,0.04009466,0.0443484502770725,NA,NA,NA,NA,5.00917260553191,7.97,12,NA,5.00917260553191,7.97,12,NA,FALSE,"treatment","D1005",TRUE,"D",FALSE,"Piute","Many A-class Pipj seedlings off transect inside plot",147384.474883454,-281290.397935568,687.8829800763,2339.2712532665,25.7848194810628,236.288869792457,7851.18483541183,"no","0","3","","","3","YES","no","3"
"D1006T","AG","2018-08-16","2018-07-31","A",145632,258,"METASEDIMENTARY",24.2,"M","STR",5,"NB,KD",0.5,90,10,0.5,0.5,NA,0,NA,95,60,0,0.5,78,NA,"Y","U","U","N","N",NA,0.625,0,2633,1891,0.118465138654723,0.944713716093126,1.95876264026958,61.3615411564506,64.0791662605504,128.462648912018,3.02194149501743,125.440707417001,140.839618197562,3.31309598531721,137.526522212244,0.04009466,0.0365711459370878,0.04009466,0.0439576534812738,NA,NA,NA,NA,NA,NA,NA,NA,NA,NA,NA,NA,FALSE,"treatment","D1006",TRUE,"D",FALSE,"Piute","PIPJ B-class seedling out of trnasect in plot",147408.812586528,-281387.73748988,689.534929177145,2321.72140190668,24.444919576224,255.963947634573,7234.61371168594,"no","0","3","","","3","YES","no","3"
"D1008T","AG","2018-08-16","2018-07-31","A",121748,344,"METASEDIMENTARY",29.5,"M","STR",5,"CM",0.5,95,5,0.5,5,32,0,NA,90,50,0,0.5,50.4,NA,"Y","Y","C2","N","N",NA,1,0.25,4096,0,0.118465138654723,0.377885486437251,2.61168352035943,0,99.6841112811296,102.792145426581,3.10803414545141,99.6841112811296,118.103605119256,3.57099305485102,114.532612064405,0.04009466,0.0348966157077737,0.04009466,0.0460669817949564,NA,NA,NA,NA,NA,NA,NA,NA,NA,NA,NA,NA,FALSE,"treatment","D1008",TRUE,"D",FALSE,"Piute","none",147535.762882669,-280965.647880677,676.700356893243,2361.38004468923,32.3295584323566,321.116705652246,4197.92052605787,"no","0","3","","","3","YES","no","3"
"D1009T","AG","2018-08-16","2018-07-31","A",112948,256,"METASEDIMENTARY",26.6,"M","STR",5,"AG",0.5,95,5,0.5,5,50,10,30,50,50,0,0.5,30,NA,"Y","Y","C2","N","N",NA,0.875,0,0,6132,0.108593043766829,2.45625566184213,5.87628792080873,198.978831502567,0,207.419968128985,8.44113662641768,198.978831502567,231.973366096399,9.4403585853993,222.533007511,0.04009466,0.0358508101136339,0.04009466,0.0448408768287287,NA,NA,NA,NA,NA,NA,NA,NA,NA,NA,NA,NA,FALSE,"treatment","D1009",TRUE,"D",FALSE,"Piute","PIPJ size class B in plot. Rocky exposed mineral soil",147546.003320936,-280769.957480924,671.874159137315,2353.22592677826,24.9353348754395,252.422701432417,7368.02132844461,"no","0","3","","","3","YES","no","3"
"D1010T","AG","2018-08-20","2018-08-05","A",92136,14,"METASEDIMENTARY",22.8,"M","STR",5,"NB",0,95,5,0.5,0.5,NA,5,60,80,80,5,0.5,67,NA,"Y","U","U","N","N",NA,0.875,0.75,0,1862,0.246802372197339,1.13365645931175,11.7525758416175,60.4205127621951,0,73.5535474353217,13.1330346731265,60.4205127621951,79.78792438832,14.2461868125399,65.5417375757801,0.04009466,0.0369617896294694,0.04009466,0.0434930715376911,NA,NA,NA,NA,NA,NA,NA,NA,NA,NA,NA,NA,FALSE,"treatment","D1010",TRUE,"D",FALSE,"Piute","B-class ABCO in plot. Plot moved due to low fire severity.",147842.461384199,-280241.637110537,659.622068250838,2344.48725224513,18.1918322716761,28.0935561208605,5118.89178633586,"no","0","3","","","3","YES","no","3"
"D1012T","KD","2018-08-13","2018-08-05","A",124827,20,"METASEDIMENTARY",17.8,"M","STR",4,"KD",0,95,5,0.5,0.5,NA,0,NA,80,90,5,10,75.7,NA,"Y","N",NA,"N",NA,NA,0.75,1.375,0,4553,0.355395415964169,2.45625566184213,1.95876264026958,147.741457898107,0,152.511871616182,4.77041371807587,147.741457898107,160.179774701574,5.01025780155474,155.169516900019,0.04009466,0.0381753042780025,0.04009466,0.0421105159714975,NA,NA,NA,NA,NA,NA,NA,NA,NA,NA,NA,NA,FALSE,"treatment","D1012",TRUE,"D",FALSE,"Piute","PLOT INCLUDES CLUSTER OF PRE-FIRE LIVE REGEN",148007.728477733,-280625.379153484,664.250052878537,2393.24657011631,16.4727364280092,20.7513239966599,5127.56638608815,"no","0","3","","","3","YES","no","3"
"D1007T","KD","2018-08-16","2018-08-01","A",133256,276,"METASEDIMENTARY",20.9,"M","STR",5,"CM",0.5,90,10,0.5,0.5,NA,0.5,NA,95,50,0,0.5,203,NA,"N","N",NA,"H",NA,NA,1.5,1,0,3443,0.00987209488789357,1.32259920253038,5.87628792080873,111.722784876605,0,118.931544094832,7.208759218227,111.722784876605,127.30782967109,7.71646830686211,119.591361364228,0.04009466,0.0374566107683804,0.04009466,0.0429185056399354,NA,NA,NA,NA,NA,NA,NA,NA,NA,NA,NA,NA,FALSE,"treatment","D1007",TRUE,"D",FALSE,"Piute","SALVAGE OPERATIONS (H) TO NORTH AND EAST OF PLOT (+2 SALVAGE STUMPS IN PLOT)",147508.818410472,-281456.00665501,688.300799837309,2367.58137618998,23.1466798759819,291.358862616962,6011.87059721931,"no","0","3","","","3","YES","no","3"
"D1011T","KD","2018-08-16","2018-08-05","A",113218,64,"METASEDIMENTARY",17.5,"U","STR",5,"CM",0,100,0.5,0.5,60,75,60,30,30,120,0,0,73,NA,"Y","N",NA,"N",NA,NA,0.625,0,0,565,0,1.70048468896763,1.30584176017972,18.3338290604942,0,21.3401555096416,3.00632644914734,18.3338290604942,22.3757745868933,3.15222084161215,19.2235537452812,0.04009466,0.0382389568764869,0.04009466,0.0420404187726183,NA,NA,NA,NA,NA,NA,NA,NA,NA,NA,NA,NA,FALSE,"treatment","D1011",TRUE,"D",FALSE,"Piute",NA,147874.514074713,-280471.038288366,663.115009924834,2382.22527972127,18.3041479801331,54.7857281492495,5632.28045797692,"no","0","3","","","3","YES","no","3"
"D1092T","NB","2018-08-13","2018-08-02","A",152902,147,"OTHER",16.8,"M","STR",5,"KD",0.5,100,0.5,0.5,20,15,40,32,30,77,0,5,101.9,NA,"Y","Y","U","N","U",NA,0.375,0.25,0,400,0,0,1.95876264026958,12.9797019897304,0,14.93846463,1.95876264026958,12.9797019897304,15.6044713060904,2.0460908247656,13.5583804813248,0.04009466,0.0383833997649191,0.04009466,0.0418822139352249,NA,NA,NA,NA,10.65,7.39099258239489,5.7423494861662,7.89,10.65,7.39099258239489,5.7423494861662,7.89,FALSE,"treatment","D1092",TRUE,"D",FALSE,"Piute","Parent material metasedimentary.",149601.798195593,-279905.693061288,570.58024976411,2254.54414414984,18.1400329518051,145.826334167022,8067.95173472245,"no","0","2","","","2","YES","no","2"
"D1100T","KD","2018-08-20","2018-08-04","A",162945,58,"METASEDIMENTARY",24.9,"M","STR",5,"KD",0.5,95,5,0.5,0.5,NA,0.5,NA,70,60,0,0.5,37.2,NA,"Y","Y","C2","N","U",NA,1.25,0.125,0,1282.25,0.148081423318404,4.34568309402838,3.26460440044929,41.6080571908296,0,49.3664261086257,7.75836891779608,41.6080571908296,54.4256125731541,8.55346465612974,45.8721479170243,0.04009466,0.0363676213580514,0.04009466,0.0442036542530076,NA,NA,NA,NA,3.21679512710815,4.38,11.8,20.4,3.21679512710815,4.38,11.8,20.4,FALSE,"treatment","D1100",TRUE,"D",FALSE,"Piute","2 QUKE SIZE CLASS B IN PLOT, NOT ON TRANSECT",149803.063410276,-280269.89070863,539.681511183987,2167.37159411593,23.8105571129221,46.2713677825013,5149.02338461607,"no","0","2","","","2","YES","no","2"
"D1001T","CM","2018-08-13","2018-08-03","A",100137,241,"METASEDIMENTARY",21,"U","STR",5,"NB",5,90,5,0.5,30,30,30,20,20,40,0,0.5,169,NA,"Y","N",NA,"N",NA,NA,0.75,0.125,625,6529,0.0296162846636807,0.566828229655876,2.61168352035943,211.861185727375,15.2105882692153,230.279902031269,3.20812803467899,227.07177399659,246.663164196019,3.436370283293,243.226793912726,0.04009466,0.0374315897830603,0.04009466,0.0429471943305788,NA,NA,NA,NA,7.01,NA,8.22,7.27341391590576,7.01,NA,8.22,7.27341391590576,FALSE,"treatment","D1001",TRUE,"D",FALSE,"Piute","Awesome hike, follow ridge from Inspiration Pt, elderberries in August; seeded oaks possibly resprouting, most already have acorns",148128.847120996,-277343.936476816,437.848564886952,2258.65210432862,16.7813936802899,276.412114080003,5148.84545603627,"no","0","2","","","2","YES","no","2"
"D1025T","AG","2018-08-13","2018-08-03","A",155641,22,"UNKNOWN",13.5,"M","STR",5,"NB",0,80,20,0.5,10,90,5,20,90,65,0,0.5,98,NA,"Y","U","U","N","N",NA,0.875,2.5,0,5838,0.108593043766829,1.511541945749,11.7525758416175,189.438750540116,0,202.811461371249,13.3727108311333,189.438750540116,208.574388323637,13.7526989992288,194.821689324408,0.04009466,0.0389868413525719,0.04009466,0.0412339575288407,NA,NA,NA,NA,NA,NA,NA,NA,NA,NA,NA,NA,FALSE,"treatment","D1025",TRUE,"D",FALSE,"Piute","No parent material visible in plot. Planting evidnece ~50m from PC",148427.528000624,-278107.525189369,531.761837303362,2309.04208131481,12.9205427450201,15.0679440892193,5632.94358230725,"no","0","2","","","2","YES","no","2"
"D1000T","NB","2018-08-13","2018-08-03","A",121143,124,"OTHER",21.4,"M","STR",5,"CM",0,95,5,0.5,5,44,80,25,20,110,0,0.5,NA,NA,"Y","N",NA,"N",NA,NA,0.375,0,0,500,0.0197441897757871,0.944713716093126,8.48797144116816,16.224627487163,0,25.6770568342001,9.45242934703708,16.224627487163,27.5784291303878,10.1523766738736,17.4260524565142,0.04009466,0.0373303663780307,0.04009466,0.0430636480830705,NA,16.6,10.5631999676697,13.9,3.33,8.38,2.18,9.74,3.33,8.38,2.18,9.74,FALSE,"treatment","D1000",TRUE,"D",FALSE,"Piute","Parent material metasedimentary.",148051.125269415,-277461.921280024,447.067225088866,2275.82120964195,21.0902804206712,124.909346887527,7703.42482429019,"no","0","2","","","2","YES","no","2"
